Timeline,Start time,Duration,Row,Instance number,BREAKDOWN,CLOCK,CUT TYPE,CUTTER,Collective Coordination,Cutting & Screeing,DATE,DM Catch,Driving,Finishing,Footwork,GAME,HAND OFF LOCATION,HAND OFF RECEIVER,HAND OFF TYPE,ISO DIRECTION,ISO LOCATION,ISO MOVE,ISO PLAYER,JUMP SHOT DISTANCE,NO DRIBBLE JUMP SHOT DEFENSE,OFF SCREEN CUT TYPE,OFF SCREEN CUTTER,OFF SCREEN DIRECTION,P&R ANGLE,P&R BALL HANDLER,P&R BALL HANDLER PRIMARY MOVE,P&R BALL HANDLER SECONDARY MOVE,P&R LOCATION,P&R SCREENER,P&R SCREENER MOVE,PERIOD,PLAYER,POST MOVE,POST MOVE TYPE,POST TURN,POST-UP LOCATION,POST-UP PLAYER,Passing,Points,Positioning,QB12 DM,RESULT,Relocation,SHOOTER,SHOT TYPE,SPOT-UP DIRECTION,SPOT-UP MOVE,SPOT-UP PLAYER,Shot Location,Shot Outcome,Shot Specific,Space Read,TEAM,TRANSITION PLAYER,TRANSITION ROLE,Transition,Ungrouped,Notes,Flags
06.21.25 KP v MIN Offense,6.19248596365507,9.19975149065305,KP,1,,,,,,,,,,,,,,,,,,,,,,,,,,,,,,,,,,,,,,,,,,,,,,,,,,,,,,,,,,"Neutral, Match 3, Stat, Q0, UVA 0 - 0 OPP",,
06.21.25 KP v MIN Offense,17.1898912729876,9.09245268898258,KP,2,,,,,,,,,,,,,,,,,,,,,,,,,,,,,,,,,,,,,,,,,,,,,,,,,,,,,,,,,,"Neutral, Match 3, Stat, Q0, UVA 0 - 0 OPP",,
06.21.25 KP v MIN Offense,26.8956453843226,15.603001632651,KP,3,,,,,,,,,,,,,,,,,,,,,,,,,,,,,,,,,,,,,,,,,,,,,,,,,,,,,,,,,,"Neutral, Match 3, Stat, Q0, UVA 0 - 0 OPP",,
06.21.25 KP v MIN Offense,47.3922918649853,10.3012707240066,KP,4,,,,,,,,,,,,,,,,,,,,,,,,,,,,,,,,,,,,,,,-ve Passing: Teammate on the Move,,,,,,,,,,,,,,-ve Space Read: Catch,,,,,"Turnover, Neutral, Match 3, Stat, Q0, UVA 0 - 0 OPP",,
06.21.25 KP v MIN Offense,58.892735982001106,12.0002218249619,KP,5,,,,,,,,,,,,,,,,,,,,,,,,,,,,,,,,,,,,,,,,,,,,,,,,,,,,,,,,,,"Neutral, Match 3, Stat, Q0, UVA 0 - 0 OPP",,
06.21.25 KP v MIN Offense,90.3957150956351,3.19718582733763,KP,6,,,,,,,,,,,,,,,,,,,,,,,,,,,,,,,,,,,,,,,,,,,,,,,,,,,,,,,,,,"Neutral, Match 3, Stat, Q0, UVA 0 - 0 OPP",,
06.21.25 KP v MIN Offense,97.994806000321,7.697204331000861,KP,7,,,,,,,,,,,,,,,,,,,,,,,,,,,,,,,,,,,,,,,,,,,,,,,,,,,,,,,,,,"Neutral, Match 3, Stat, Q0, UVA 0 - 0 OPP",,
06.21.25 KP v MIN Offense,112.693774165318,17.7011455063482,KP,8,,,,,,,,,,,-ve Footwork: Step to Ball,,,,,,,,,,,,,,,,,,,,,,,,,,,,,,,,,+ve Relocate: Slide Away,,,,,,,,,,,,,,"Neutral, Match 3, Stat, Q0, UVA 0 - 0 OPP",,
06.21.25 KP v MIN Offense,131.793040047324,11.8041196766843,KP,9,,,,,,,,+ve DM Catch: Swing,,,,,,,,,,,,,,,,,,,,,,,,,,,,,,,,,,,,+ve Relocate: Slide Away,,,,,,,,,,,,,,"Neutral, Match 3, Stat, Q0, UVA 0 - 0 OPP",,
06.21.25 KP v MIN Offense,144.492486337672,17.1003604279822,KP,10,,,,,,,,,,,,,,,,,,,,,,,,,,,,,,,,,,,,,,,,,,,,+ve Relocate: Slide Away,,,,,,,,,,,,,,"Neutral, Match 3, Stat, Q0, UVA 0 - 0 OPP",,
06.21.25 KP v MIN Offense,163.49703145764,9.695142617344,KP,11,,,,,,,,,,,"+ve Footwork: Patient Pickup, +ve Footwork: Long 2",,,,,,,,,,,,,,,,,,,,,,,,,,,,,,,,,,,,,,,3pt,Miss Short,2z11,,,,,,"Neutral, Match 3, Stat, Q0, UVA 0 - 0 OPP",,
06.21.25 KP v MIN Offense,174.996016585982,10.7989656436712,KP,12,,,,,,,,,,,,,,,,,,,,,,,,,,,,,,,,,,,,,,,,,,,,+ve Relocate: Slide Away,,,,,,,,,,,,,,"Neutral, Match 3, Stat, Q0, UVA 0 - 0 OPP",,
06.21.25 KP v MIN Offense,186.695281948642,13.8955953933263,KP,13,,,,,,,,,,,,,,,,,,,,,,,,,,,,,,,,,,,,,,,,,,,,+ve Relocate: Slide Away,,,,,,,,,,,,,,"Neutral, Match 3, Stat, Q0, UVA 0 - 0 OPP",,
06.21.25 KP v MIN Offense,210.59386977833,12.7984261893091,KP,14,,,,,,,,,,,,,,,,,,,,,,,,,,,,,,,,,,,,,,,,,,,,-ve Relocate: Slide Away,,,,,,,,,,,,,,"Neutral, Match 3, Stat, Q0, UVA 0 - 0 OPP",,
06.21.25 KP v MIN Offense,226.692633526318,4.39916019401082,KP,15,,,,,,,,,,,,,,,,,,,,,,,,,,,,,,,,,,,,,,,,,,,,,,,,,,Short 2,Miss Long,4z9,,,,,,"Neutral, Match 3, Stat, Q0, UVA 0 - 0 OPP",,
06.21.25 KP v MIN Offense,233.593199235667,14.4994605153164,KP,16,,,,,,,,,,,,,,,,,,,,,,,,,,,,,,,,,,,,,,,,,,,,,,,,,,,,,,,,,,"Neutral, Match 3, Stat, Q0, UVA 0 - 0 OPP",,
06.21.25 KP v MIN Offense,254.794052473002,20.5979865906505,KP,17,,,,,,,,,,,,,,,,,,,,,,,,,,,,,,,,,,,,,,,,,,,,,,,,,,,,,,,,,,"Neutral, Match 3, Stat, Q0, UVA 0 - 0 OPP",,
06.21.25 KP v MIN Offense,277.496382243313,11.9993541766651,KP,18,,,,,,,,"-ve DM Catch: Swing, +ve DM Catch: Drive a Swing/Skip Pass",+ve Driving: Paint Touch,"+ve Finishing: Stride Pivot, +ve Finishing: Read the Length",,,,,,,,,,,,,,,,,,,,,,,,,,,,,,,,"+ve QB12: Fill Behind, -ve QB12: Weak Side",,,,,,,,Deep 2,Made,4z6,+ve Space Read: Catch,,,,,"Neutral, Match 3, Stat, Q0, UVA 0 - 0 OPP",,
06.21.25 KP v MIN Offense,290.993655719658,17.109049236977,KP,19,,,,,,,,+ve DM Catch: Drive a Swing/Skip Pass,+ve Driving: Paint Touch,,,,,,,,,,,,,,,,,,,,,,,,,,,,,,,,,+ve QB12: Weak Side,,,,,,,,,,,+ve Space Read: Catch,,,,,"Neutral, Match 3, Stat, Q0, UVA 0 - 0 OPP",,
06.21.25 KP v MIN Offense,314.393231083298,8.59870725769571,KP,20,,,,,,,,,,,,,,,,,,,,,,,,,,,,,,,,,,,,,,,,,,,,,,,,,,,,,,,,,,"Neutral, Match 3, Stat, Q0, UVA 0 - 0 OPP",,
06.21.25 KP v MIN Offense,324.793415716318,10.4000123116716,KP,21,,,,,,,,,,,,,,,,,,,,,,,,,,,,,,,,,,,,,,,,,,,,,,,,,,,,,,,,,,"Neutral, Match 3, Stat, Q0, UVA 0 - 0 OPP",,
06.21.25 KP v MIN Offense,349.29549552965,14.8002169116641,KP,22,,,,,,,,,,,,,,,,,,,,,,,,,,,,,,,,,,,,,,,,,,+ve QB12: Strong Side,,,,,,,,,,,,,,,,"Neutral, Match 3, Stat, Q0, UVA 0 - 0 OPP",,
06.21.25 KP v MIN Offense,364.893766104321,1.80069483700447,KP,23,,,,,,,,,,,,,,,,,,,,,,,,,,,,,,,,,,,,,,,,,,,,,,,,,,,,,,,,,,"Neutral, Match 3, Stat, Q0, UVA 0 - 0 OPP",,
06.21.25 KP v MIN Offense,365.494702603637,12.4998404993693,KP,24,,,,,,-ve Cutting & Screening: Denial,,,,,,,,,,,,,,,,,,,,,,,,,,,,,,,,,,,,,,,,,,,,,,,,,,,,"Neutral, Match 3, Stat, Q0, UVA 0 - 0 OPP",,
06.21.25 KP v MIN Offense,385.694517992963,5.29848434034193,KP,25,,,,,,,,,,,,,,,,,,,,,,,,,,,,,,,,,,,,,,,,,,,,,,,,,,,,,,,,,,"Neutral, Match 3, Stat, Q0, UVA 0 - 0 OPP",,
06.21.25 KP v MIN Offense,394.593480394985,10.2024803753302,KP,26,,,,,,,,,,,,,,,,,,,,,,,,,,,,,,,,,,,,,,,,,,,,,,,,,,,,,,,,,,"Neutral, Match 3, Stat, Q0, UVA 0 - 0 OPP",,
06.21.25 KP v MIN Offense,410.693669169998,11.5994206323101,KP,27,,,,,,+ve Cutting & Screening: Denial,,,,,,,,,,,,,,,,,,,,,,,,,,,,,,,,,,,,,,,,,,,,,,,,,,,,"Neutral, Match 3, Stat, Q0, UVA 0 - 0 OPP",,
06.21.25 KP v MIN Offense,424.894836169976,14.3966324430212,KP,28,,,,,,-ve Cutting & Screening: Principle,,,,,,,,,,,,,,,,,,,,,,,,,,,,,,,,,,,,,,,,,,,,,,,,,,,,"Neutral, Match 3, Stat, Q0, UVA 0 - 0 OPP",,
06.21.25 KP v MIN Offense,445.59545134567,9.09253788900122,KP,29,,,,,,,,,,,,,,,,,,,,,,,,,,,,,,,,,,,,,,,,,,,,,,,,,,,,,,,,,+ve Transition: Effort and Pace,"Neutral, Match 3, Stat, Q0, UVA 0 - 0 OPP",,
06.21.25 KP v MIN Offense,462.89219996566,10.7021304526543,KP,30,,,,,,,,,+ve Driving: Paint Touch,+ve Finishing: Read the Length,,,,,,,,,,,,,,,,,,,,,,,,,,,,,,,,,,,,,,,,Deep 2,Made,4z7,+ve Space Read: Catch,,,,+ve Transition: Effort and Pace,"Neutral, Match 3, Stat, Q0, UVA 0 - 0 OPP",,
06.21.25 KP v MIN Offense,473.795571765983,9.89732283099482,KP,31,,,,,,,,,,,,,,,,,,,,,,,,,,,,,,,,,,,,,,,,,,,,,,,,,,,,,,,,,,"Neutral, Match 3, Stat, Q0, UVA 0 - 0 OPP",,
06.21.25 KP v MIN Offense,490.696482598976,6.89599941399337,KP,32,,,,,,,,,,,,,,,,,,,,,,,,,,,,,,,,,,,,,,,,,,,,,,,,,,,,,,,,,,"Turnover, Neutral, Match 3, Stat, Q0, UVA 0 - 0 OPP",,
06.21.25 KP v MIN Offense,500.894818355333,18.2004751946665,KP,33,,,,,,,,,-ve Driving: Paint Touch,,-ve Footwork: Patient Pickup,,,,,,,,,,,,,,,,,,,,,,,,,,,,,,,,,,,,,,,3pt,Made,11z5,,,,,,"Neutral, Match 3, Stat, Q0, UVA 0 - 0 OPP",,
06.21.25 KP v MIN Offense,521.496325361003,18.9997000166591,KP,34,,,,,,+ve Cutting & Screening: Cut Fill,,,,,,,,,,,,,,,,,,,,,,,,,,,,,,,,,+ve Passing: Teammate on the Move,,,,,+ve Relocate: Reverse Direction,,,,,,3pt,Miss Short,2z11,,,,,,"Neutral, Match 3, Stat, Q0, UVA 0 - 0 OPP",,
06.21.25 KP v MIN Offense,541.595951001323,18.3984062620146,KP,35,,,,,,,,,+ve Driving: Paint Touch,"+ve Finishing: Stride Pivot, +ve Finishing: Read the Length",,,,,,,,,,,,,,,,,,,,,,,,,,,,,,,,,,-ve Relocate: Weak Corner,,,,,,Deep 2,Made,3z7,+ve Space Read: Catch,,,,,"Neutral, Match 3, Stat, Q0, UVA 0 - 0 OPP",,
06.21.25 KP v MIN Offense,560.992115781977,12.1940721533382,KP,36,,,,,,,,,,,,,,,,,,,,,,,,,,,,,,,,,,,,,,,,,,+ve QB12: Strong Side,,,,,,,,,,,,,,,,"Neutral, Match 3, Stat, Q0, UVA 0 - 0 OPP",,
06.21.25 KP v MIN Offense,575.797096728294,6.99765123834561,KP,37,,,,,,,,,,,,,,,,,,,,,,,,,,,,,,,,,,,,,,,,,,,,,,,,,,,,,,,,,,"Neutral, Match 3, Stat, Q0, UVA 0 - 0 OPP",,
06.21.25 KP v MIN Offense,584.292505713005,17.0033263313262,KP,38,,,,,,,,,,,,,,,,,,,,,,,,,,,,,,,,,,,,,,,,,,,,,,,,,,,,,,,,,,"Neutral, Match 3, Stat, Q0, UVA 0 - 0 OPP",,
06.21.25 KP v MIN Offense,605.595525829984,14.5976701216645,KP,39,,,,,,,,+ve DM Catch: Drive a Swing/Skip Pass,+ve Driving: Paint Touch,,+ve Footwork: Patient Pickup,,,,,,,,,,,,,,,,,,,,,,,,,,,,-ve Passing: Teammate on the Move,,,,,,,,,,,,,,"+ve Space Read: Catch, +ve Space Read: Live Dribble",,,,,"Turnover, Neutral, Match 3, Stat, Q0, UVA 0 - 0 OPP",,
06.21.25 KP v MIN Offense,621.894060150976,9.9000388319987,KP,40,,,,,,,,"-ve DM Catch: Swing, +ve DM Catch: Uncontested Shot",,,,,,,,,,,,,,,,,,,,,,,,,,,,,,,,,,,,,,,,,,3pt,Miss Long,9z2,,,,,,"Neutral, Match 3, Stat, Q0, UVA 0 - 0 OPP",,
06.21.25 KP v MIN Offense,637.593820637641,5.99859443666446,KP,41,,,,,,,,,+ve Driving: Paint Touch,"+ve Finishing: Physicality, +ve Finishing: Read the Length",,,,,,,,,,,,,,,,,,,,,,,,,,,,,,,,-ve QB12: Weak Side,,,,,,,,Deep 2,Made,3z6,+ve Space Read: Live Dribble,,,,,"Neutral, Match 3, Stat, Q0, UVA 0 - 0 OPP",,
06.21.25 KP v MIN Offense,644.995098672663,12.9969677823137,KP,42,,,,,,,,,,,,,,,,,,,,,,,,,,,,,,,,,,,,,,,,,,,,-ve Relocate: Weak Corner,,,,,,,,,,,,,,"Neutral, Match 3, Stat, Q0, UVA 0 - 0 OPP",,
06.21.25 KP v MIN Offense,681.393560158321,10.5988448876893,KP,43,,,,,,,,,-ve Driving: Paint Touch,+ve Finishing: Stride Pivot,+ve Footwork: Patient Pickup,,,,,,,,,,,,,,,,,,,,,,,,,,,,,,,,,,,,,,,Short 2,Made,5z4,,,,,,"Neutral, Match 3, Stat, Q0, UVA 0 - 0 OPP",,
06.21.25 KP v MIN Offense,694.39507677965,9.39713404267502,KP,44,,,,,,,,,,,,,,,,,,,,,,,,,,,,,,,,,,,,,,,,,,,,,,,,,,,,,,,,,,"Neutral, Match 3, Stat, Q0, UVA 0 - 0 OPP",,
06.21.25 KP v MIN Offense,710.994585978978,14.4024399563428,KP,45,,,,,,,,,,,,,,,,,,,,,,,,,,,,,,,,,,,,,,,,,,+ve QB12: Fill Behind,,,,,,,,,,,,,,,,"Neutral, Match 3, Stat, Q0, UVA 0 - 0 OPP",,
06.21.25 KP v MIN Offense,726.891367869982,26.4013855449871,KP,46,,,,,,+ve Cutting & Screening: Cut Fill,,,+ve Driving: Paint Touch,,,,,,,,,,,,,,,,,,,,,,,,,,,,,,+ve Passing: Read the Length,,,"+ve QB12: Strong Side, -ve QB12: Roller, +ve QB12: Weak Side",,,,,,,,,,,,,,,,"Neutral, Match 3, Stat, Q0, UVA 0 - 0 OPP",,
06.21.25 KP v MIN Offense,783.59492510332,11.0973185179877,KP,47,,,,,,,,,,,,,,,,,,,,,,,,,,,,,,,,,,,,,,,,,,,,,,,,,,,,,,,,,+ve Transition: Effort and Pace,"Neutral, Match 3, Stat, Q0, UVA 0 - 0 OPP",,
06.21.25 KP v MIN Offense,796.396547604997,16.6970512849723,KP,48,,,,,,,,,,,,,,,,,,,,,,,,,,,,,,,,,,,,,,,,,,,,,,,,,,,,,,,,,,"Neutral, Match 3, Stat, Q0, UVA 0 - 0 OPP",,
06.21.25 KP v MIN Offense,832.491024080004,18.3014642856358,KP,49,,,,,,+ve Cutting & Screening: Denial,,,,,,,,,,,,,,,,,,,,,,,,,,,,,,,,,,,+ve Positioning - Create Shape,+ve QB12: Weak Side,,,,,,,,,,,,,,,,"Neutral, Match 3, Stat, Q0, UVA 0 - 0 OPP",,
06.21.25 KP v MIN Offense,863.193854833306,7.90231477569193,KP,50,,,,,,,,,,,,,,,,,,,,,,,,,,,,,,,,,,,,,,,,,,,,,,,,,,,,,,,,,,"Neutral, Match 3, Stat, Q0, UVA 0 - 0 OPP",,
06.21.25 KP v MIN Offense,879.790028742999,5.80495859233702,KP,51,,,,,,,,,+ve Driving: Paint Touch,+ve Finishing: Earn a Foul,,,,,,,,,,,,,,,,,,,,,,,,,,,,,,,,-ve QB12: Weak Side,,,,,,,,Deep 2,Fouled,4z7,,,,,,"Neutral, Match 3, Stat, Q0, UVA 0 - 0 OPP",,
06.21.25 KP v MIN Offense,897.395045846978,15.0995237909991,KP,52,,,,,,,,"-ve DM Catch: Swing, +ve DM Catch: Back-to-Back",,,,,,,,,,,,,,,,,,,,,,,,,,,,,,,,,,"+ve QB12: Roller, +ve QB12: Strong Side",,,,,,,,,,,,,,,,"Neutral, Match 3, Stat, Q0, UVA 0 - 0 OPP",,
06.21.25 KP v MIN Offense,914.39187305598,9.5036716073563,KP,53,,,,,,,,,,,,,,,,,,,,,,,,,,,,,,,,,,,,,,,,,,,,,,,,,,,,,,,,,,"Neutral, Match 3, Stat, Q0, UVA 0 - 0 OPP",,
06.21.25 KP v MIN Offense,929.594419552981,6.6022406746547,KP,54,,,,,,,,,,,,,,,,,,,,,,,,,,,,,,,,,,,,,,,,,,+ve QB12: Strong Side,,,,,,,,,,,,,,,,"Neutral, Match 3, Stat, Q0, UVA 0 - 0 OPP",,
06.21.25 KP v MIN Offense,937.392742325635,8.30358701034584,KP,55,,,,,,,,,,,,,,,,,,,,,,,,,,,,,,,,,,,,,,,,,,,,,,,,,,,,,,,,,,"Neutral, Match 3, Stat, Q0, UVA 0 - 0 OPP",,
06.21.25 KP v MIN Offense,960.693256740313,10.9990543526646,KP,56,,,,,,,,,,,,,,,,,,,,,,,,,,,,,,,,,,,,,,,,,,,,+ve Relocate: Weak Corner,,,,,,,,,,,,,,"Neutral, Match 3, Stat, Q0, UVA 0 - 0 OPP",,
06.21.25 KP v MIN Offense,972.492790797313,17.8012664620103,KP,57,,,,,,,,,,,,,,,,,,,,,,,,,,,,,,,,,,,,,,,,,,,,+ve Relocate: Fill Behind,,,,,,,,,,,,,,"Neutral, Match 3, Stat, Q0, UVA 0 - 0 OPP",,
06.21.25 KP v MIN Offense,991.892234431638,9.80260662903834,KP,58,,,,,,,,,+ve Driving: Paint Touch,-ve Finishing: Read the Length,,,,,,,,,,,,,,,,,,,,,,,,,,,,,,,,"-ve QB12: Strong Side, -ve QB12: Weak Side",,,,,,,,Deep 2,Miss Short,3z6,,,,,,"Neutral, Match 3, Stat, Q0, UVA 0 - 0 OPP",,
06.21.25 KP v MIN Offense,1004.59298277932,12.6122440089997,KP,59,,,,,,,,,,,+ve Footwork: Patient Pickup,,,,,,,,,,,,,,,,,,,,,,,,,,,,,,,,,,,,,,,3pt,Miss Short,10z6,,,,,,"Neutral, Match 3, Stat, Q0, UVA 0 - 0 OPP",,
06.21.25 KP v MIN Offense,1030.19644221366,11.5993798556676,KP,60,,,,,,,,,+ve Driving: Paint Touch,,,,,,,,,,,,,,,,,,,,,,,,,,,,,,,,,+ve QB12: Strong Side,,,,,,,,,,,+ve Space Read: Live Dribble,,,,,"Neutral, Match 3, Stat, Q0, UVA 0 - 0 OPP",,
06.21.25 KP v MIN Offense,1043.49293526333,12.3987620470029,KP,61,,,,,,,,,,,,,,,,,,,,,,,,,,,,,,,,,,,,,,,,,,+ve QB12: Strong Side,,,,,,,,,,,+ve Space Read: Catch,,,,,"Neutral, Match 3, Stat, Q0, UVA 0 - 0 OPP",,
06.21.25 KP v MIN Offense,1065.49458734297,12.7987361766698,KP,62,,,,,,,,,,,,,,,,,,,,,,,,,,,,,,,,,,,,,,,,,+ve Positioning - Create Shape,+ve QB12: Strong Side,,,,,,,,,,,+ve Space Read: Catch,,,,,"Neutral, Match 3, Stat, Q0, UVA 0 - 0 OPP",,
06.21.25 KP v MIN Offense,1080.190104572,10.0002797123122,KP,63,,,,,,,,+ve DM Catch: Uncontested Shot,,,,,,,,,,,,,,,,,,,,,,,,,,,,,,,,,,,,,,,,,,3pt,Miss Long,10z10,,,,,,"Neutral, Match 3, Stat, Q0, UVA 0 - 0 OPP",,
06.21.25 KP v MIN Offense,1096.59710618165,21.7992330010125,KP,64,,,,,,,,,+ve Driving: Paint Touch,,,,,,,,,,,,,,,,,,,,,,,,,,,,,,,,+ve Positioning - Create Shape,"+ve QB12: Strong Side, -ve QB12: Strong Side, +ve QB12: Fill Behind",,+ve Relocate: Fill Behind,,,,,,,,,-ve Space Read: Catch,,,,,"Neutral, Match 3, Stat, Q0, UVA 0 - 0 OPP",,
06.21.25 KP v MIN Offense,1126.79726170299,12.9957082093492,KP,65,,,,,,,,+ve DM Catch: Swing,,,,,,,,,,,,,,,,,,,,,,,,,,,,,,,,,,,,-ve Relocate: Fill Behind,,,,,,,,,,,,,,"Neutral, Match 3, Stat, Q0, UVA 0 - 0 OPP",,
06.21.25 KP v MIN Offense,1150.59511248732,12.7983056210007,KP,66,,,,,,,,,,,,,,,,,,,,,,,,,,,,,,,,,,,,,,,,,,,,,,,,,,,,,,,,,,"Neutral, Match 3, Stat, Q0, UVA 0 - 0 OPP",,
06.21.25 KP v MIN Offense,1165.49290294696,13.6126445403579,KP,67,,,,,,,,,,,,,,,,,,,,,,,,,,,,,,,,,,,,,,,,,,,,+ve Relocate: Slide Away,,,,,,,,,,,,,,"Neutral, Match 3, Stat, Q0, UVA 0 - 0 OPP",,
06.21.25 KP v MIN Offense,1182.99315389733,14.707336570988,KP,68,,,,,,,,+ve DM Catch: Drive a Swing/Skip Pass,,,,,,,,,,,,,,,,,,,,,,,,,,,,,,,,,,+ve QB12: Weak Side,,,,,,,,,,,-ve Space Read: Catch,,,,,"Neutral, Match 3, Stat, Q0, UVA 0 - 0 OPP",,
06.21.25 KP v MIN Offense,1203.59421012463,5.90189146902321,KP,69,,,,,,,,,,,,,,,,,,,,,,,,,,,,,,,,,,,,,,,,,,,,,,,,,,,,,,,,,+ve Transition: Effort and Pace,"Neutral, Match 3, Stat, Q0, UVA 0 - 0 OPP",,
06.21.25 KP v MIN Offense,1210.89275603964,11.1959397190301,KP,70,,,,,,,,,,,,,,,,,,,,,,,,,,,,,,,,,,,,,,,,,,,,-ve Relocate: Fill Behind,,,,,,,,,,,,,,"Neutral, Match 3, Stat, Q0, UVA 0 - 0 OPP",,
06.21.25 KP v MIN Offense,1224.59511710033,8.39816288098245,KP,71,,,,,,,,-ve DM Catch: Uncontested Shot,,,,,,,,,,,,,,,,,,,,,,,,,,,,,,,,,,,,,,,,,,3pt,Miss Short,8z10,,,,,,"Neutral, Match 3, Stat, Q0, UVA 0 - 0 OPP",,
06.21.25 KP v MIN Offense,1235.19546277832,9.10848213898748,KP,72,,,,,,,,,,,,,,,,,,,,,,,,,,,,,,,,,,,,,,,,,,+ve QB12: Fill Behind,,+ve Relocate: Slide Away,,,,,,,,,,,,,,"Neutral, Match 3, Stat, Q0, UVA 0 - 0 OPP",,
06.21.25 KP v MIN Offense,1246.79220345568,13.9027640996292,KP,73,,,,,,,,,,,,,,,,,,,,,,,,,,,,,,,,,,,,,,,,,,,,"+ve Relocate: Slide Away, -ve Relocate: Weak Corner",,,,,,,,,,,,,,"Neutral, Match 3, Stat, Q0, UVA 0 - 0 OPP",,
06.21.25 KP v MIN Offense,1264.09518301866,13.7995596359781,KP,74,,,,,,,,,,,,,,,,,,,,,,,,,,,,,,,,,,,,,,,,,,,,,,,,,,,,,,,,,,"Neutral, Match 3, Stat, Q0, UVA 0 - 0 OPP",,
06.21.25 KP v MIN Offense,1282.19477186167,9.9986362006573,KP,75,,,,,,,,,+ve Driving: Paint Touch,"+ve Finishing: Stride Pivot, -ve Finishing: Read the Length",,,,,,,,,,,,,,,,,,,,,,,,,,,,,,,,,,,,,,,,Deep 2,Miss Short,4z6,+ve Space Read: Live Dribble,,,,,"Neutral, Match 3, Stat, Q0, UVA 0 - 0 OPP",,
06.21.25 KP v MIN Offense,1315.69036467663,10.3036909039952,KP,76,,,,,,,,,,,-ve Footwork: Patient Pickup,,,,,,,,,,,,,,,,,,,,,,,,,,,,,,,-ve QB12: Fill Behind,,,,,,,,3pt,Miss Short,10z3,,,,,,"Neutral, Match 3, Stat, Q0, UVA 0 - 0 OPP",,
06.21.25 KP v MIN Offense,1328.69462808231,15.6039791293404,KP,77,,,,,,,,,,,+ve Footwork: Step to Ball,,,,,,,,,,,,,,,,,,,,,,,,,,,,,,,+ve QB12: Fill Behind,,,,,,,,,,,,,,,,"Neutral, Match 3, Stat, Q0, UVA 0 - 0 OPP",,
06.21.25 KP v MIN Offense,116.795400538968,16.0,Relocation,1,,,,,,,,,,,,,,,,,,,,,,,,,,,,,,,,,,,,,,,,,,,,+ve Relocate: Slide Away,,,,,,,,,,,,,,"Neutral, Match 3, Stat, Q0, UVA 0 - 0 OPP",,
06.21.25 KP v MIN Offense,128.192785366967,16.0,Relocation,2,,,,,,,,,,,,,,,,,,,,,,,,,,,,,,,,,,,,,,,,,,,,+ve Relocate: Slide Away,,,,,,,,,,,,,,"Neutral, Match 3, Stat, Q0, UVA 0 - 0 OPP",,
06.21.25 KP v MIN Offense,147.594577185661,16.0,Relocation,3,,,,,,,,,,,,,,,,,,,,,,,,,,,,,,,,,,,,,,,,,,,,+ve Relocate: Slide Away,,,,,,,,,,,,,,"Neutral, Match 3, Stat, Q0, UVA 0 - 0 OPP",,
06.21.25 KP v MIN Offense,172.195487187999,16.0,Relocation,4,,,,,,,,,,,,,,,,,,,,,,,,,,,,,,,,,,,,,,,,,,,,+ve Relocate: Slide Away,,,,,,,,,,,,,,"Neutral, Match 3, Stat, Q0, UVA 0 - 0 OPP",,
06.21.25 KP v MIN Offense,187.394791247318,16.0,Relocation,5,,,,,,,,,,,,,,,,,,,,,,,,,,,,,,,,,,,,,,,,,,,,+ve Relocate: Slide Away,,,,,,,,,,,,,,"Neutral, Match 3, Stat, Q0, UVA 0 - 0 OPP",,
06.21.25 KP v MIN Offense,211.795236995997,16.0,Relocation,6,,,,,,,,,,,,,,,,,,,,,,,,,,,,,,,,,,,,,,,,,,,,-ve Relocate: Slide Away,,,,,,,,,,,,,,"Neutral, Match 3, Stat, Q0, UVA 0 - 0 OPP",,
06.21.25 KP v MIN Offense,527.295270756647,16.0,Relocation,7,,,,,,,,,,,,,,,,,,,,,,,,,,,,,,,,,,,,,,,,,,,,+ve Relocate: Reverse Direction,,,,,,,,,,,,,,"Neutral, Match 3, Stat, UVA 0 - 0 OPP, Q0",,
06.21.25 KP v MIN Offense,543.497650572989,16.0,Relocation,8,,,,,,,,,,,,,,,,,,,,,,,,,,,,,,,,,,,,,,,,,,,,-ve Relocate: Weak Corner,,,,,,,,,,,,,,"Neutral, Match 3, Stat, Q0, UVA 0 - 0 OPP",,
06.21.25 KP v MIN Offense,631.495523638978,16.0,Relocation,9,,,,,,,,,,,,,,,,,,,,,,,,,,,,,,,,,,,,,,,,,,-ve QB12: Weak Side,,-ve Relocate: Dunker- Baseline Cut,,,,,,,,,,,,,,"Neutral, Match 3, Stat, Q0, UVA 0 - 0 OPP",,
06.21.25 KP v MIN Offense,642.394294273314,16.0,Relocation,10,,,,,,,,,,,,,,,,,,,,,,,,,,,,,,,,,,,,,,,,,,,,-ve Relocate: Weak Corner,,,,,,,,,,,,,,"Neutral, Match 3, Stat, Q0, UVA 0 - 0 OPP",,
06.21.25 KP v MIN Offense,958.291982113672,16.0,Relocation,11,,,,,,,,,,,,,,,,,,,,,,,,,,,,,,,,,,,,,,,,,,,,+ve Relocate: Weak Corner,,,,,,,,,,,,,,"Neutral, Match 3, Stat, Q0, UVA 0 - 0 OPP",,
06.21.25 KP v MIN Offense,973.892898842643,16.0,Relocation,12,,,,,,,,,,,,,,,,,,,,,,,,,,,,,,,,,,,,,,,,,,,,+ve Relocate: Fill Behind,,,,,,,,,,,,,,"Neutral, Match 3, Stat, Q0, UVA 0 - 0 OPP",,
06.21.25 KP v MIN Offense,1096.99235545166,16.0,Relocation,13,,,,,,,,,,,,,,,,,,,,,,,,,,,,,,,,,,,,,,,,,,,,+ve Relocate: Fill Behind,,,,,,,,,,,,,,"Neutral, Match 3, Stat, Q0, UVA 0 - 0 OPP",,
06.21.25 KP v MIN Offense,1168.29572995165,16.0,Relocation,14,,,,,,,,,,,,,,,,,,,,,,,,,,,,,,,,,,,,,,,,,,,,+ve Relocate: Slide Away,,,,,,,,,,,,,,"Neutral, Match 3, Stat, Q0, UVA 0 - 0 OPP",,
06.21.25 KP v MIN Offense,1210.19506042,16.0,Relocation,15,,,,,,,,,,,,,,,,,,,,,,,,,,,,,,,,,,,,,,,,,,,,-ve Relocate: Fill Behind,,,,,,,,,,,,,,"Neutral, Match 3, Stat, Q0, UVA 0 - 0 OPP",,
06.21.25 KP v MIN Offense,1233.39339017198,16.0,Relocation,16,,,,,,,,,,,,,,,,,,,,,,,,,,,,,,,,,,,,,,,,,,,,+ve Relocate: Slide Away,,,,,,,,,,,,,,"Neutral, Match 3, Stat, Q0, UVA 0 - 0 OPP",,
06.21.25 KP v MIN Offense,1244.29375570032,16.0,Relocation,17,,,,,,,,,,,,,,,,,,,,,,,,,,,,,,,,,,,,,,,,,,,,+ve Relocate: Slide Away,,,,,,,,,,,,,,"Neutral, Match 3, Stat, Q0, UVA 0 - 0 OPP",,
06.21.25 KP v MIN Offense,1244.79303660665,16.0,Relocation,18,,,,,,,,,,,,,,,,,,,,,,,,,,,,,,,,,,,,,,,,,,,,-ve Relocate: Weak Corner,,,,,,,,,,,,,,"Neutral, Match 3, Stat, Q0, UVA 0 - 0 OPP",,
06.21.25 KP v MIN Offense,366.59186066999104,16.0,Cutting & Screening,1,,,,,,-ve Cutting & Screening: Denial,,,,,,,,,,,,,,,,,,,,,,,,,,,,,,,,,,,,,,,,,,,,,,,,,,,,"Neutral, Match 3, Stat, Q0, UVA 0 - 0 OPP",,
06.21.25 KP v MIN Offense,412.493332034329,16.0,Cutting & Screening,2,,,,,,+ve Cutting & Screening: Denial,,,,,,,,,,,,,,,,,,,,,,,,,,,,,,,,,,,,,,,,,,,,,,,,,,,,"Neutral, Match 3, Stat, Q0, UVA 0 - 0 OPP",,
06.21.25 KP v MIN Offense,425.395441226994,16.0,Cutting & Screening,3,,,,,,-ve Cutting & Screening: Principle,,,,,,,,,,,,,,,,,,,,,,,,,,,,,,,,,,,,,,,,,,,,,,,,,,,,"Neutral, Match 3, Stat, Q0, UVA 0 - 0 OPP",,
06.21.25 KP v MIN Offense,525.996120137975,16.0,Cutting & Screening,4,,,,,,+ve Cutting & Screening: Cut Fill,,,,,,,,,,,,,,,,,,,,,,,,,,,,,,,,,,,,,,+ve Relocate: Reverse Direction,,,,,,,,,,,,,,"Neutral, Match 3, Stat, Q0, UVA 0 - 0 OPP",,
06.21.25 KP v MIN Offense,731.993398367333,16.0,Cutting & Screening,5,,,,,,+ve Cutting & Screening: Cut Fill,,,,,,,,,,,,,,,,,,,,,,,,,,,,,,,,,,,,,,,,,,,,,,,,,,,,"Neutral, Match 3, Stat, Q0, UVA 0 - 0 OPP",,
06.21.25 KP v MIN Offense,829.495141394649,16.0,Cutting & Screening,6,,,,,,+ve Cutting & Screening: Denial,,,,,,,,,,,,,,,,,,,,,,,,,,,,,,,,,,,,,,,,,,,,,,,,,,,,"Neutral, Match 3, Stat, Q0, UVA 0 - 0 OPP",,
06.21.25 KP v MIN Offense,440.092879795973,16.0,Transition,1,,,,,,,,,,,,,,,,,,,,,,,,,,,,,,,,,,,,,,,,,,,,,,,,,,,,,,,,,+ve Transition: Effort and Pace,"Neutral, Match 3, Stat, Q0, UVA 0 - 0 OPP",,
06.21.25 KP v MIN Offense,456.89072070499105,16.0,Transition,2,,,,,,,,,,,,,,,,,,,,,,,,,,,,,,,,,,,,,,,,,,,,,,,,,,,,,,,,,+ve Transition: Effort and Pace,"Neutral, Match 3, Stat, Q0, UVA 0 - 0 OPP",,
06.21.25 KP v MIN Offense,777.192740588309,16.0,Transition,3,,,,,,,,,,,,,,,,,,,,,,,,,,,,,,,,,,,,,,,,,,,,,,,,,,,,,,,,,+ve Transition: Effort and Pace,"Neutral, Match 3, Stat, Q0, UVA 0 - 0 OPP",,
06.21.25 KP v MIN Offense,1196.79273413831,16.0,Transition,4,,,,,,,,,,,,,,,,,,,,,,,,,,,,,,,,,,,,,,,,,,,,,,,,,,,,,,,,,+ve Transition: Effort and Pace,"Neutral, Match 3, Stat, Q0, UVA 0 - 0 OPP",,
06.21.25 KP v MIN Offense,834.794402192966,16.0,Positioning,1,,,,,,,,,,,,,,,,,,,,,,,,,,,,,,,,,,,,,,,,,+ve Positioning - Create Shape,,,,,,,,,,,,,,,,,"Neutral, Match 3, Stat, Q0, UVA 0 - 0 OPP",,
06.21.25 KP v MIN Offense,1067.89297109796,16.0,Positioning,2,,,,,,,,,,,,,,,,,,,,,,,,,,,,,,,,,,,,,,,,,+ve Positioning - Create Shape,,,,,,,,,,,,,,,,,"Neutral, Match 3, Stat, Q0, UVA 0 - 0 OPP",,
06.21.25 KP v MIN Offense,1106.09510755064,16.0,Positioning,3,,,,,,,,,,,,,,,,,,,,,,,,,,,,,,,,,,,,,,,,,+ve Positioning - Create Shape,,,,,,,,,,,,,,,,,"Neutral, Match 3, Stat, Q0, UVA 0 - 0 OPP",,
06.21.25 KP v MIN Offense,45.1905417519957,16.0,Space Read,1,,,,,,,,,,,,,,,,,,,,,,,,,,,,,,,,,,,,,,,,,,,,,,,,,,,,,-ve Space Read: Catch,,,,,"Neutral, Match 3, Stat, Q0, UVA 0 - 0 OPP",,
06.21.25 KP v MIN Offense,276.89535634733,16.0,Space Read,2,,,,,,,,+ve DM Catch: Drive a Swing/Skip Pass,,,,,,,,,,,,,,,,,,,,,,,,,,,,,,,,,,,,,,,,,,,,,+ve Space Read: Catch,,,,,"Neutral, Match 3, Stat, Q0, UVA 0 - 0 OPP",,
06.21.25 KP v MIN Offense,292.094461142307,16.0,Space Read,3,,,,,,,,+ve DM Catch: Drive a Swing/Skip Pass,,,,,,,,,,,,,,,,,,,,,,,,,,,,,,,,,,,,,,,,,,,,,+ve Space Read: Catch,,,,,"Neutral, Match 3, Stat, Q0, UVA 0 - 0 OPP",,
06.21.25 KP v MIN Offense,461.291259320334,16.0,Space Read,4,,,,,,,,,,,,,,,,,,,,,,,,,,,,,,,,,,,,,,,,,,,,,,,,,,,,,+ve Space Read: Catch,,,,,"Neutral, Match 3, Stat, Q0, UVA 0 - 0 OPP",,
06.21.25 KP v MIN Offense,547.895942588323,16.0,Space Read,5,,,,,,,,,,,,,,,,,,,,,,,,,,,,,,,,,,,,,,,,,,,,,,,,,,,,,+ve Space Read: Catch,,,,,"Neutral, Match 3, Stat, Q0, UVA 0 - 0 OPP",,
06.21.25 KP v MIN Offense,605.395692831317,16.0,Space Read,6,,,,,,,,+ve DM Catch: Drive a Swing/Skip Pass,,,,,,,,,,,,,,,,,,,,,,,,,,,,,,,,,,,,,,,,,,,,,+ve Space Read: Catch,,,,,"Neutral, Match 3, Stat, Q0, UVA 0 - 0 OPP",,
06.21.25 KP v MIN Offense,607.492235684996,16.0,Space Read,7,,,,,,,,,,,,,,,,,,,,,,,,,,,,,,,,,,,,,,,,,,,,,,,,,,,,,+ve Space Read: Live Dribble,,,,,"Neutral, Match 3, Stat, Q0, UVA 0 - 0 OPP",,
06.21.25 KP v MIN Offense,630.697219228985,16.0,Space Read,8,,,,,,,,,,,,,,,,,,,,,,,,,,,,,,,,,,,,,,,,,,,,,,,,,,,,,+ve Space Read: Live Dribble,,,,,"Neutral, Match 3, Stat, Q0, UVA 0 - 0 OPP",,
06.21.25 KP v MIN Offense,1028.79590105233,16.0,Space Read,9,,,,,,,,,,,,,,,,,,,,,,,,,,,,,,,,,,,,,,,,,,,,,,,,,,,,,+ve Space Read: Live Dribble,,,,,"Neutral, Match 3, Stat, Q0, UVA 0 - 0 OPP",,
06.21.25 KP v MIN Offense,1041.49673325367,16.0,Space Read,10,,,,,,,,,,,,,,,,,,,,,,,,,,,,,,,,,,,,,,,,,,,,,,,,,,,,,+ve Space Read: Catch,,,,,"Neutral, Match 3, Stat, Q0, UVA 0 - 0 OPP",,
06.21.25 KP v MIN Offense,1064.69476156267,16.0,Space Read,11,,,,,,,,,,,,,,,,,,,,,,,,,,,,,,,,,,,,,,,,,,,,,,,,,,,,,+ve Space Read: Catch,,,,,"Neutral, Match 3, Stat, Q0, UVA 0 - 0 OPP",,
06.21.25 KP v MIN Offense,1100.69339876197,16.0,Space Read,12,,,,,,,,,,,,,,,,,,,,,,,,,,,,,,,,,,,,,,,,,,,,,,,,,,,,,-ve Space Read: Catch,,,,,"Neutral, Match 3, Stat, Q0, UVA 0 - 0 OPP",,
06.21.25 KP v MIN Offense,1183.09549864064,16.0,Space Read,13,,,,,,,,+ve DM Catch: Drive a Swing/Skip Pass,,,,,,,,,,,,,,,,,,,,,,,,,,,,,,,,,,,,,,,,,,,,,-ve Space Read: Catch,,,,,"Neutral, Match 3, Stat, Q0, UVA 0 - 0 OPP",,
06.21.25 KP v MIN Offense,1275.99319633299,16.0,Space Read,14,,,,,,,,,,,,,,,,,,,,,,,,,,,,,,,,,,,,,,,,,,,,,,,,,,,,,+ve Space Read: Live Dribble,,,,,"Neutral, Match 3, Stat, Q0, UVA 0 - 0 OPP",,
06.21.25 KP v MIN Offense,131.493704975983,16.0,DM Catch,1,,,,,,,,+ve DM Catch: Swing,,,,,,,,,,,,,,,,,,,,,,,,,,,,,,,,,,,,,,,,,,,,,,,,,,"Neutral, Match 3, Stat, Q0, UVA 0 - 0 OPP",,
06.21.25 KP v MIN Offense,275.295821788315,16.0,DM Catch,2,,,,,,,,-ve DM Catch: Swing,,,,,,,,,,,,,,,,,,,,,,,,,,,,,,,,,,,,,,,,,,,,,,,,,,"Neutral, Match 3, Stat, Q0, UVA 0 - 0 OPP",,
06.21.25 KP v MIN Offense,277.308072715993,16.0,DM Catch,3,,,,,,,,+ve DM Catch: Drive a Swing/Skip Pass,,,,,,,,,,,,,,,,,,,,,,,,,,,,,,,,,,,,,,,,,,,,,,,,,,"Neutral, Match 3, Stat, Q0, UVA 0 - 0 OPP",,
06.21.25 KP v MIN Offense,292.394810498656,16.0,DM Catch,4,,,,,,,,+ve DM Catch: Drive a Swing/Skip Pass,,,,,,,,,,,,,,,,,,,,,,,,,,,,,,,,,,,,,,,,,,,,,,,,,,"Neutral, Match 3, Stat, Q0, UVA 0 - 0 OPP",,
06.21.25 KP v MIN Offense,605.597320542646,16.0,DM Catch,5,,,,,,,,+ve DM Catch: Drive a Swing/Skip Pass,,,,,,,,,,,,,,,,,,,,,,,,,,,,,,,,,,,,,,,,,,,,,,,,,,"Neutral, Match 3, Stat, Q0, UVA 0 - 0 OPP",,
06.21.25 KP v MIN Offense,619.095133636643,16.0,DM Catch,6,,,,,,,,+ve DM Catch: Uncontested Shot,,,,,,,,,,,,,,,,,,,,,,,,,,,,,,,,,,,,,,,,,,,,,,,,,,"Neutral, Match 3, Stat, Q0, UVA 0 - 0 OPP",,
06.21.25 KP v MIN Offense,619.695098439659,16.0,DM Catch,7,,,,,,,,-ve DM Catch: Swing,,,,,,,,,,,,,,,,,,,,,,,,,,,,,,,,,,,,,,,,,,,,,,,,,,"Neutral, Match 3, Stat, Q0, UVA 0 - 0 OPP",,
06.21.25 KP v MIN Offense,898.292765243657,16.0,DM Catch,8,,,,,,,,-ve DM Catch: Swing,,,,,,,,,,,,,,,,,,,,,,,,,,,,,,,,,,,,,,,,,,,,,,,,,,"Neutral, Match 3, Stat, Q0, UVA 0 - 0 OPP",,
06.21.25 KP v MIN Offense,1075.69357955566,16.0,DM Catch,9,,,,,,,,+ve DM Catch: Uncontested Shot,,,,,,,,,,,,,,,,,,,,,,,,,,,,,,,,,,,,,,,,,,3pt,,10z10,,,,,,"Neutral, Match 3, Stat, Q0, UVA 0 - 0 OPP",,
06.21.25 KP v MIN Offense,1126.09351241365,16.0,DM Catch,10,,,,,,,,+ve DM Catch: Swing,,,,,,,,,,,,,,,,,,,,,,,,,,,,,,,,,,,,,,,,,,,,,,,,,,"Neutral, Match 3, Stat, Q0, UVA 0 - 0 OPP",,
06.21.25 KP v MIN Offense,1183.39653072865,16.0,DM Catch,11,,,,,,,,+ve DM Catch: Drive a Swing/Skip Pass,,,,,,,,,,,,,,,,,,,,,,,,,,,,,,,,,,,,,,,,,,,,,,,,,,"Neutral, Match 3, Stat, Q0, UVA 0 - 0 OPP",,
06.21.25 KP v MIN Offense,1221.09266488766,16.0,DM Catch,12,,,,,,,,-ve DM Catch: Uncontested Shot,,,,,,,,,,,,,,,,,,,,,,,,,,,,,,,,,,,,,,,,,,,,,,,,,,"Neutral, Match 3, Stat, Q0, UVA 0 - 0 OPP",,
06.21.25 KP v MIN Offense,272.995283668656,16.0,QB12 Decision Making,1,,,,,,,,,,,,,,,,,,,,,,,,,,,,,,,,,,,,,,,,,,+ve QB12: Fill Behind,,,,,,,,,,,,,,,,"Neutral, Match 3, Stat, Q0, UVA 0 - 0 OPP",,
06.21.25 KP v MIN Offense,278.09358783867,16.0,QB12 Decision Making,2,,,,,,,,,,,,,,,,,,,,,,,,,,,,,,,,,,,,,,,,,,-ve QB12: Weak Side,,,,,,,,,,,,,,,,"Neutral, Match 3, Stat, Q0, UVA 0 - 0 OPP",,
06.21.25 KP v MIN Offense,294.694504644657,16.0,QB12 Decision Making,3,,,,,,,,,,,,,,,,,,,,,,,,,,,,,,,,,,,,,,,,,,+ve QB12: Weak Side,,,,,,,,,,,,,,,,"Neutral, Match 3, Stat, Q0, UVA 0 - 0 OPP",,
06.21.25 KP v MIN Offense,351.292665650321,16.0,QB12 Decision Making,4,,,,,,,,,,,,,,,,,,,,,,,,,,,,,,,,,,,,,,,,,,+ve QB12: Strong Side,,,,,,,,,,,,,,,,"Neutral, Match 3, Stat, Q0, UVA 0 - 0 OPP",,
06.21.25 KP v MIN Offense,558.793162181324,16.0,QB12 Decision Making,5,,,,,,,,,,,,,,,,,,,,,,,,,,,,,,,,,,,,,,,,,,+ve QB12: Strong Side,,,,,,,,,,,,,,,,"Neutral, Match 3, Stat, Q0, UVA 0 - 0 OPP",,
06.21.25 KP v MIN Offense,631.897026982996,16.0,QB12 Decision Making,6,,,,,,,,,,,,,,,,,,,,,,,,,,,,,,,,,,,,,,,,,,-ve QB12: Weak Side,,,,,,,,,,,,,,,,"Neutral, Match 3, Stat, Q0, UVA 0 - 0 OPP",,
06.21.25 KP v MIN Offense,709.493017156312,16.0,QB12 Decision Making,7,,,,,,,,,,,,,,,,,,,,,,,,,,,,,,,,,,,,,,,,,,+ve QB12: Fill Behind,,,,,,,,,,,,,,,,"Neutral, Match 3, Stat, Q0, UVA 0 - 0 OPP",,
06.21.25 KP v MIN Offense,727.395573044965,16.0,QB12 Decision Making,8,,,,,,,,,,,,,,,,,,,,,,,,,,,,,,,,,,,,,,,,,,+ve QB12: Strong Side,,,,,,,,,,,,,,,,"Neutral, Match 3, Stat, Q0, UVA 0 - 0 OPP",,
06.21.25 KP v MIN Offense,733.597036206295,16.0,QB12 Decision Making,9,,,,,,,,,,,,,,,,,,,,,,,,,,,,,,,,,,,,,,,,,,-ve QB12: Roller,,,,,,,,,,,,,,,,"Neutral, Match 3, Stat, Q0, UVA 0 - 0 OPP",,
06.21.25 KP v MIN Offense,734.795019644652,16.0,QB12 Decision Making,10,,,,,,,,,,,,,,,,,,,,,,,,,,,,,,,,,,,,,,,+ve Passing: Read the Length,,,+ve QB12: Weak Side,,,,,,,,,,,,,,,,"Neutral, Match 3, Stat, Q0, UVA 0 - 0 OPP",,
06.21.25 KP v MIN Offense,831.494372122007,16.0,QB12 Decision Making,11,,,,,,,,,,,,,,,,,,,,,,,,,,,,,,,,,,,,,,,,,,+ve QB12: Weak Side,,,,,,,,,,,,,,,,"Neutral, Match 3, Stat, Q0, UVA 0 - 0 OPP",,
06.21.25 KP v MIN Offense,874.991799829309,16.0,QB12 Decision Making,12,,,,,,,,,,,,,,,,,,,,,,,,,,,,,,,,,,,,,,,,,,-ve QB12: Weak Side,,,,,,,,,,,,,,,,"Neutral, Match 3, Stat, Q0, UVA 0 - 0 OPP",,
06.21.25 KP v MIN Offense,895.491892191996,16.0,QB12 Decision Making,13,,,,,,,,,,,,,,,,,,,,,,,,,,,,,,,,,,,,,,,,,,+ve QB12: Roller,,,,,,,,,,,,,,,,"Neutral, Match 3, Stat, Q0, UVA 0 - 0 OPP",,
06.21.25 KP v MIN Offense,900.505467445646,16.0,QB12 Decision Making,14,,,,,,,,,,,,,,,,,,,,,,,,,,,,,,,,,,,,,,,,,,+ve QB12: Strong Side,,,,,,,,,,,,,,,,"Neutral, Match 3, Stat, Q0, UVA 0 - 0 OPP",,
06.21.25 KP v MIN Offense,923.994586158013,16.0,QB12 Decision Making,15,,,,,,,,,,,,,,,,,,,,,,,,,,,,,,,,,,,,,,,,,,+ve QB12: Strong Side,,,,,,,,,,,,,,,,"Neutral, Match 3, Stat, Q0, UVA 0 - 0 OPP",,
06.21.25 KP v MIN Offense,990.492833239664,16.0,QB12 Decision Making,16,,,,,,,,,,,,,,,,,,,,,,,,,,,,,,,,,,,,,,,,,,-ve QB12: Weak Side,,,,,,,,,,,,,,,,"Neutral, Match 3, Stat, Q0, UVA 0 - 0 OPP",,
06.21.25 KP v MIN Offense,990.493250399992,16.0,QB12 Decision Making,17,,,,,,,,,,,,,,,,,,,,,,,,,,,,,,,,,,,,,,,,,,-ve QB12: Strong Side,,,,,,,,,,,,,,,,"Neutral, Match 3, Stat, Q0, UVA 0 - 0 OPP",,
06.21.25 KP v MIN Offense,1028.79295796833,16.0,QB12 Decision Making,18,,,,,,,,,,,,,,,,,,,,,,,,,,,,,,,,,,,,,,,,,,+ve QB12: Strong Side,,,,,,,,,,,,,,,,"Neutral, Match 3, Stat, Q0, UVA 0 - 0 OPP",,
06.21.25 KP v MIN Offense,1041.99265111733,16.0,QB12 Decision Making,19,,,,,,,,,,,,,,,,,,,,,,,,,,,,,,,,,,,,,,,,,,+ve QB12: Strong Side,,,,,,,,,,,,,,,,"Neutral, Match 3, Stat, Q0, UVA 0 - 0 OPP",,
06.21.25 KP v MIN Offense,1066.79556614663,16.0,QB12 Decision Making,20,,,,,,,,,,,,,,,,,,,,,,,,,,,,,,,,,,,,,,,,,+ve Positioning - Create Shape,+ve QB12: Strong Side,,,,,,,,,,,,,,,,"Neutral, Match 3, Stat, Q0, UVA 0 - 0 OPP",,
06.21.25 KP v MIN Offense,1093.99200975497,16.0,QB12 Decision Making,21,,,,,,,,,,,,,,,,,,,,,,,,,,,,,,,,,,,,,,,,,,+ve QB12: Strong Side,,,,,,,,,,,,,,,,"Neutral, Match 3, Stat, Q0, UVA 0 - 0 OPP",,
06.21.25 KP v MIN Offense,1102.59582026,16.0,QB12 Decision Making,22,,,,,,,,,,,,,,,,,,,,,,,,,,,,,,,,,,,,,,,,,,-ve QB12: Strong Side,,,,,,,,,,,,,,,,"Neutral, Match 3, Stat, Q0, UVA 0 - 0 OPP",,
06.21.25 KP v MIN Offense,1103.6076219433,16.0,QB12 Decision Making,23,,,,,,,,,,,,,,,,,,,,,,,,,,,,,,,,,,,,,,,,,,+ve QB12: Fill Behind,,,,,,,,,,,,,,,,"Neutral, Match 3, Stat, Q0, UVA 0 - 0 OPP",,
06.21.25 KP v MIN Offense,1185.69437931466,16.0,QB12 Decision Making,24,,,,,,,,,,,,,,,,,,,,,,,,,,,,,,,,,,,,,,,,,,+ve QB12: Weak Side,,,,,,,,,,,,,,,,"Neutral, Match 3, Stat, Q0, UVA 0 - 0 OPP",,
06.21.25 KP v MIN Offense,1230.29042847365,16.0,QB12 Decision Making,25,,,,,,,,,,,,,,,,,,,,,,,,,,,,,,,,,,,,,,,,,,+ve QB12: Fill Behind,,,,,,,,,,,,,,,,"Neutral, Match 3, Stat, Q0, UVA 0 - 0 OPP",,
06.21.25 KP v MIN Offense,1313.19263321531,16.0,QB12 Decision Making,26,,,,,,,,,,,,,,,,,,,,,,,,,,,,,,,,,,,,,,,,,,-ve QB12: Fill Behind,,,,,,,,,,,,,,,,"Neutral, Match 3, Stat, Q0, UVA 0 - 0 OPP",,
06.21.25 KP v MIN Offense,1325.19440343933,16.0,QB12 Decision Making,27,,,,,,,,,,,,,,,,,,,,,,,,,,,,,,,,,,,,,,,,,,+ve QB12: Fill Behind,,,,,,,,,,,,,,,,"Neutral, Match 3, Stat, Q0, UVA 0 - 0 OPP",,
06.21.25 KP v MIN Offense,277.791594736321,16.0,Driving,1,,,,,,,,,+ve Driving: Paint Touch,,,,,,,,,,,,,,,,,,,,,,,,,,,,,,,,,,,,,,,,,,,,,,,,,"Neutral, Match 3, Stat, Q0, UVA 0 - 0 OPP",,
06.21.25 KP v MIN Offense,294.193815836651,16.0,Driving,2,,,,,,,,,+ve Driving: Paint Touch,,,,,,,,,,,,,,,,,,,,,,,,,,,,,,,,,,,,,,,,,,,,,,,,,"Neutral, Match 3, Stat, Q0, UVA 0 - 0 OPP",,
06.21.25 KP v MIN Offense,460.99418467532,16.0,Driving,3,,,,,,,,,+ve Driving: Paint Touch,,,,,,,,,,,,,,,,,,,,,,,,,,,,,,,,,,,,,,,,,,,,,,,,,"Neutral, Match 3, Stat, Q0, UVA 0 - 0 OPP",,
06.21.25 KP v MIN Offense,505.694424805309,16.0,Driving,4,,,,,,,,,-ve Driving: Paint Touch,,,,,,,,,,,,,,,,,,,,,,,,,,,,,,,,,,,,,,,,,,,,,,,,,"Neutral, Match 3, Stat, Q0, UVA 0 - 0 OPP",,
06.21.25 KP v MIN Offense,548.69239316165,16.0,Driving,5,,,,,,,,,+ve Driving: Paint Touch,,,,,,,,,,,,,,,,,,,,,,,,,,,,,,,,,,,,,,,,,,,,,,,,,"Neutral, Match 3, Stat, Q0, UVA 0 - 0 OPP",,
06.21.25 KP v MIN Offense,607.892458233642,16.0,Driving,6,,,,,,,,,+ve Driving: Paint Touch,,,,,,,,,,,,,,,,,,,,,,,,,,,,,,,,,,,,,,,,,,,,,,,,,"Neutral, Match 3, Stat, Q0, UVA 0 - 0 OPP",,
06.21.25 KP v MIN Offense,631.895203294972,16.0,Driving,7,,,,,,,,,+ve Driving: Paint Touch,,,,,,,,,,,,,,,,,,,,,,,,,,,,,,,,,,,,,,,,,,,,,,,,,"Neutral, Match 3, Stat, Q0, UVA 0 - 0 OPP",,
06.21.25 KP v MIN Offense,680.593612664306,16.0,Driving,8,,,,,,,,,-ve Driving: Paint Touch,,,,,,,,,,,,,,,,,,,,,,,,,,,,,,,,,,,,,,,,,,,,,,,,,"Neutral, Match 3, Stat, Q0, UVA 0 - 0 OPP",,
06.21.25 KP v MIN Offense,734.995981462328,16.0,Driving,9,,,,,,,,,+ve Driving: Paint Touch,,,,,,,,,,,,,,,,,,,,,,,,,,,,,,,,,,,,,,,,,,,,,,,,,"Neutral, Match 3, Stat, Q0, UVA 0 - 0 OPP",,
06.21.25 KP v MIN Offense,874.092255023293,16.0,Driving,10,,,,,,,,,+ve Driving: Paint Touch,,,,,,,,,,,,,,,,,,,,,,,,,,,,,,,,,,,,,,,,,,,,,,,,,"Neutral, Match 3, Stat, Q0, UVA 0 - 0 OPP",,
06.21.25 KP v MIN Offense,990.391254109971,16.0,Driving,11,,,,,,,,,+ve Driving: Paint Touch,,,,,,,,,,,,,,,,,,,,,,,,,,,,,,,,,,,,,,,,,,,,,,,,,"Neutral, Match 3, Stat, Q0, UVA 0 - 0 OPP",,
06.21.25 KP v MIN Offense,1028.59477451997,16.0,Driving,12,,,,,,,,,+ve Driving: Paint Touch,,,,,,,,,,,,,,,,,,,,,,,,,,,,,,,,,,,,,,,,,,,,,,,,,"Neutral, Match 3, Stat, Q0, UVA 0 - 0 OPP",,
06.21.25 KP v MIN Offense,1103.19724440897,16.0,Driving,13,,,,,,,,,+ve Driving: Paint Touch,,,,,,,,,,,,,,,,,,,,,,,,,,,,,,,,,,,,,,,,,,,,,,,,,"Neutral, Match 3, Stat, Q0, UVA 0 - 0 OPP",,
06.21.25 KP v MIN Offense,1276.99387612566,16.0,Driving,14,,,,,,,,,+ve Driving: Paint Touch,,,,,,,,,,,,,,,,,,,,,,,,,,,,,,,,,,,,,,,,,,,,,,,,,"Neutral, Match 3, Stat, Q0, UVA 0 - 0 OPP",,
06.21.25 KP v MIN Offense,46.9923624803112,16.0,Passing,1,,,,,,,,,,,,,,,,,,,,,,,,,,,,,,,,,,,,,,,-ve Passing: Teammate on the Move,,,,,,,,,,,,,,,,,,,"Turnover, Neutral, Match 3, Stat, Q0, UVA 0 - 0 OPP",,
06.21.25 KP v MIN Offense,522.29664230198,16.0,Passing,2,,,,,,,,,,,,,,,,,,,,,,,,,,,,,,,,,,,,,,,+ve Passing: Teammate on the Move,,,,,,,,,,,,,,,,,,,"Neutral, Match 3, Stat, Q0, UVA 0 - 0 OPP",,
06.21.25 KP v MIN Offense,609.195519396658,16.0,Passing,3,,,,,,,,,,,,,,,,,,,,,,,,,,,,,,,,,,,,,,,-ve Passing: Teammate on the Move,,,,,,,,,,,,,,,,,,,"Turnover, Neutral, Match 3, Stat, Q0, UVA 0 - 0 OPP",,
06.21.25 KP v MIN Offense,735.595846686649,16.0,Passing,4,,,,,,,,,,,,,,,,,,,,,,,,,,,,,,,,,,,,,,,+ve Passing: Read the Length,,,,,,,,,,,,,,,,,,,"Neutral, Match 3, Stat, Q0, UVA 0 - 0 OPP",,
06.21.25 KP v MIN Offense,118.394370092652,16.0,Footwork,1,,,,,,,,,,,-ve Footwork: Step to Ball,,,,,,,,,,,,,,,,,,,,,,,,,,,,,,,,,,,,,,,,,,,,,,,"Neutral, Match 3, Stat, Q0, UVA 0 - 0 OPP",,
06.21.25 KP v MIN Offense,160.094399181988,16.3998802579922,Footwork,2,,,,,,,,,,,"+ve Footwork: Patient Pickup, +ve Footwork: Long 2",,,,,,,,,,,,,,,,,,,,,,,,,,,,,,,,,,,,,,,,,,,,,,,"Neutral, Match 3, Stat, Q0, UVA 0 - 0 OPP",,
06.21.25 KP v MIN Offense,505.392823058634,16.0,Footwork,3,,,,,,,,,,,-ve Footwork: Patient Pickup,,,,,,,,,,,,,,,,,,,,,,,,,,,,,,,,,,,,,,,,,,,,,,,"Neutral, Match 3, Stat, Q0, UVA 0 - 0 OPP",,
06.21.25 KP v MIN Offense,606.593122408317,16.0,Footwork,4,,,,,,,,,,,+ve Footwork: Patient Pickup,,,,,,,,,,,,,,,,,,,,,,,,,,,,,,,,,,,,,,,,,,+ve Space Read: Live Dribble,,,,,"Neutral, Match 3, Stat, Q0, UVA 0 - 0 OPP",,
06.21.25 KP v MIN Offense,680.393079141298,16.0,Footwork,5,,,,,,,,,,,+ve Footwork: Patient Pickup,,,,,,,,,,,,,,,,,,,,,,,,,,,,,,,,,,,,,,,,,,,,,,,"Neutral, Match 3, Stat, Q0, UVA 0 - 0 OPP",,
06.21.25 KP v MIN Offense,1003.49199967497,16.0,Footwork,6,,,,,,,,,,,+ve Footwork: Patient Pickup,,,,,,,,,,,,,,,,,,,,,,,,,,,,,,,,,,,,,,,,,,,,,,,"Neutral, Match 3, Stat, Q0, UVA 0 - 0 OPP",,
06.21.25 KP v MIN Offense,1313.19272149598,16.0,Footwork,7,,,,,,,,,,,-ve Footwork: Patient Pickup,,,,,,,,,,,,,,,,,,,,,,,,,,,,,,,,,,,,,,,,,,,,,,,"Neutral, Match 3, Stat, Q0, UVA 0 - 0 OPP",,
06.21.25 KP v MIN Offense,1332.29485443932,16.0,Footwork,8,,,,,,,,,,,+ve Footwork: Step to Ball,,,,,,,,,,,,,,,,,,,,,,,,,,,,,,,,,,,,,,,,,,,,,,,"Neutral, Match 3, Stat, Q0, UVA 0 - 0 OPP",,
06.21.25 KP v MIN Offense,278.492393320663,16.3043272003378,Finishing,1,,,,,,,,,,"+ve Finishing: Stride Pivot, +ve Finishing: Read the Length",,,,,,,,,,,,,,,,,,,,,,,,,,,,,,,,,,,,,,,,,,,,,,,,"Neutral, Match 3, Stat, Q0, UVA 0 - 0 OPP",,
06.21.25 KP v MIN Offense,461.59346469963,16.0,Finishing,2,,,,,,,,,,+ve Finishing: Read the Length,,,,,,,,,,,,,,,,,,,,,,,,,,,,,,,,,,,,,,,,,,,,,,,,"Neutral, Match 3, Stat, Q0, UVA 0 - 0 OPP",,
06.21.25 KP v MIN Offense,548.592707280326,16.2040605969989,Finishing,3,,,,,,,,,,"+ve Finishing: Stride Pivot, +ve Finishing: Read the Length",,,,,,,,,,,,,,,,,,,,,,,,,,,,,,,,,,,,,,,,,,,,,,,,"Neutral, Match 3, Stat, Q0, UVA 0 - 0 OPP",,
06.21.25 KP v MIN Offense,631.792683820327,16.5015940576498,Finishing,4,,,,,,,,,,"+ve Finishing: Physicality, +ve Finishing: Read the Length",,,,,,,,,,,,,,,,,,,,,,,,,,,,,,,,,,,,,,,,,,,,,,,,"Neutral, Match 3, Stat, Q0, UVA 0 - 0 OPP",,
06.21.25 KP v MIN Offense,679.797929592995,16.0,Finishing,5,,,,,,,,,,+ve Finishing: Stride Pivot,+ve Footwork: Patient Pickup,,,,,,,,,,,,,,,,,,,,,,,,,,,,,,,,,,,,,,,,,,,,,,,"Neutral, Match 3, Stat, Q0, UVA 0 - 0 OPP",,
06.21.25 KP v MIN Offense,875.195861822306,16.0,Finishing,6,,,,,,,,,,+ve Finishing: Earn a Foul,,,,,,,,,,,,,,,,,,,,,,,,,,,,,,,,,,,,,,,,,,,,,,,,"Neutral, Match 3, Stat, Q0, UVA 0 - 0 OPP",,
06.21.25 KP v MIN Offense,990.193664993658,16.0,Finishing,7,,,,,,,,,,-ve Finishing: Read the Length,,,,,,,,,,,,,,,,,,,,,,,,,,,,,,,,,,,,,,,,,,,,,,,,"Neutral, Match 3, Stat, Q0, UVA 0 - 0 OPP",,
06.21.25 KP v MIN Offense,1276.79236014665,16.3023327206643,Finishing,8,,,,,,,,,,"+ve Finishing: Stride Pivot, -ve Finishing: Read the Length",,,,,,,,,,,,,,,,,,,,,,,,,,,,,,,,,,,,,,,,,,,,,,,,"Neutral, Match 3, Stat, Q0, UVA 0 - 0 OPP",,
