Timeline,Start time,Duration,Row,Instance number,BREAKDOWN,CLOCK,CUT TYPE,CUTTER,Collective Coordination,Cutting & Screeing,DATE,DM Catch,Driving,Finishing,Footwork,GAME,HAND OFF LOCATION,HAND OFF RECEIVER,HAND OFF TYPE,ISO DIRECTION,ISO LOCATION,ISO MOVE,ISO PLAYER,JUMP SHOT DISTANCE,NO DRIBBLE JUMP SHOT DEFENSE,OFF SCREEN CUT TYPE,OFF SCREEN CUTTER,OFF SCREEN DIRECTION,P&R ANGLE,P&R BALL HANDLER,P&R BALL HANDLER PRIMARY MOVE,P&R BALL HANDLER SECONDARY MOVE,P&R LOCATION,P&R SCREENER,P&R SCREENER MOVE,PERIOD,PLAYER,POST MOVE,POST MOVE TYPE,POST TURN,POST-UP LOCATION,POST-UP PLAYER,Passing,Points,Positioning,QB12 DM,RESULT,Relocation,SHOOTER,SHOT TYPE,SPOT-UP DIRECTION,SPOT-UP MOVE,SPOT-UP PLAYER,Shot Location,Shot Outcome,Shot Specific,Space Read,TEAM,TRANSITION PLAYER,TRANSITION ROLE,Transition,Ungrouped,Notes,Flags
06.21.25 KP v MIN Offense,6.192485963655070,9.19975149065305,KP,1,,,,,,,,,,,,,,,,,,,,,,,,,,,,,,,,,,,,,,,,,,,,,,,,,,,,,,,,,,"Neutral, Match 3, Stat, Q0, UVA 0 - 0 OPP",,
06.21.25 KP v MIN Offense,17.189891272987600,9.092452688982580,KP,2,,,,,,,,,,,,,,,,,,,,,,,,,,,,,,,,,,,,,,,,,,,,,,,,,,,,,,,,,,"Neutral, Match 3, Stat, Q0, UVA 0 - 0 OPP",,
06.21.25 KP v MIN Offense,26.895645384322600,15.603001632651000,KP,3,,,,,,,,,,,,,,,,,,,,,,,,,,,,,,,,,,,,,,,,,,,,,,,,,,,,,,,,,,"Neutral, Match 3, Stat, Q0, UVA 0 - 0 OPP",,
06.21.25 KP v MIN Offense,47.39229186498530,10.301270724006600,KP,4,,,,,,,,,,,,,,,,,,,,,,,,,,,,,,,,,,,,,,,-ve Passing: Teammate on the Move,,,,,,,,,,,,,,-ve Space Read: Catch,,,,,"Turnover, Neutral, Match 3, Stat, Q0, UVA 0 - 0 OPP",,
06.21.25 KP v MIN Offense,58.892735982001100,12.000221824961900,KP,5,,,,,,,,,,,,,,,,,,,,,,,,,,,,,,,,,,,,,,,,,,,,,,,,,,,,,,,,,,"Neutral, Match 3, Stat, Q0, UVA 0 - 0 OPP",,
06.21.25 KP v MIN Offense,90.39571509563510,3.197185827337630,KP,6,,,,,,,,,,,,,,,,,,,,,,,,,,,,,,,,,,,,,,,,,,,,,,,,,,,,,,,,,,"Neutral, Match 3, Stat, Q0, UVA 0 - 0 OPP",,
06.21.25 KP v MIN Offense,97.99480600032100,7.6972043310008600,KP,7,,,,,,,,,,,,,,,,,,,,,,,,,,,,,,,,,,,,,,,,,,,,,,,,,,,,,,,,,,"Neutral, Match 3, Stat, Q0, UVA 0 - 0 OPP",,
06.21.25 KP v MIN Offense,112.69377416531800,17.701145506348200,KP,8,,,,,,,,,,,-ve Footwork: Step to Ball,,,,,,,,,,,,,,,,,,,,,,,,,,,,,,,,,+ve Relocate: Slide Away,,,,,,,,,,,,,,"Neutral, Match 3, Stat, Q0, UVA 0 - 0 OPP",,
06.21.25 KP v MIN Offense,131.79304004732400,11.804119676684300,KP,9,,,,,,,,+ve DM Catch: Swing,,,,,,,,,,,,,,,,,,,,,,,,,,,,,,,,,,,,+ve Relocate: Slide Away,,,,,,,,,,,,,,"Neutral, Match 3, Stat, Q0, UVA 0 - 0 OPP",,
06.21.25 KP v MIN Offense,144.49248633767200,17.100360427982200,KP,10,,,,,,,,,,,,,,,,,,,,,,,,,,,,,,,,,,,,,,,,,,,,+ve Relocate: Slide Away,,,,,,,,,,,,,,"Neutral, Match 3, Stat, Q0, UVA 0 - 0 OPP",,
06.21.25 KP v MIN Offense,163.49703145764000,9.695142617344000,KP,11,,,,,,,,,,,"+ve Footwork: Patient Pickup, +ve Footwork: Long 2",,,,,,,,,,,,,,,,,,,,,,,,,,,,,,,,,,,,,,,3pt,Miss Short,2z11,,,,,,"Neutral, Match 3, Stat, Q0, UVA 0 - 0 OPP",,
06.21.25 KP v MIN Offense,174.99601658598200,10.798965643671200,KP,12,,,,,,,,,,,,,,,,,,,,,,,,,,,,,,,,,,,,,,,,,,,,+ve Relocate: Slide Away,,,,,,,,,,,,,,"Neutral, Match 3, Stat, Q0, UVA 0 - 0 OPP",,
06.21.25 KP v MIN Offense,186.69528194864200,13.895595393326300,KP,13,,,,,,,,,,,,,,,,,,,,,,,,,,,,,,,,,,,,,,,,,,,,+ve Relocate: Slide Away,,,,,,,,,,,,,,"Neutral, Match 3, Stat, Q0, UVA 0 - 0 OPP",,
06.21.25 KP v MIN Offense,210.5938697783300,12.798426189309100,KP,14,,,,,,,,,,,,,,,,,,,,,,,,,,,,,,,,,,,,,,,,,,,,-ve Relocate: Slide Away,,,,,,,,,,,,,,"Neutral, Match 3, Stat, Q0, UVA 0 - 0 OPP",,
06.21.25 KP v MIN Offense,226.6926335263180,4.399160194010820,KP,15,,,,,,,,,,,,,,,,,,,,,,,,,,,,,,,,,,,,,,,,,,,,,,,,,,Short 2,Miss Long,4z9,,,,,,"Neutral, Match 3, Stat, Q0, UVA 0 - 0 OPP",,
06.21.25 KP v MIN Offense,233.5931992356670,14.4994605153164,KP,16,,,,,,,,,,,,,,,,,,,,,,,,,,,,,,,,,,,,,,,,,,,,,,,,,,,,,,,,,,"Neutral, Match 3, Stat, Q0, UVA 0 - 0 OPP",,
06.21.25 KP v MIN Offense,254.7940524730020,20.59798659065050,KP,17,,,,,,,,,,,,,,,,,,,,,,,,,,,,,,,,,,,,,,,,,,,,,,,,,,,,,,,,,,"Neutral, Match 3, Stat, Q0, UVA 0 - 0 OPP",,
06.21.25 KP v MIN Offense,277.4963822433130,11.999354176665100,KP,18,,,,,,,,"-ve DM Catch: Swing, +ve DM Catch: Drive a Swing/Skip Pass",+ve Driving: Paint Touch,"+ve Finishing: Stride Pivot, +ve Finishing: Read the Length",,,,,,,,,,,,,,,,,,,,,,,,,,,,,,,,"+ve QB12: Fill Behind, -ve QB12: Weak Side",,,,,,,,Deep 2,Made,4z6,+ve Space Read: Catch,,,,,"Neutral, Match 3, Stat, Q0, UVA 0 - 0 OPP",,
06.21.25 KP v MIN Offense,290.99365571965800,17.109049236977,KP,19,,,,,,,,+ve DM Catch: Drive a Swing/Skip Pass,+ve Driving: Paint Touch,,,,,,,,,,,,,,,,,,,,,,,,,,,,,,,,,+ve QB12: Weak Side,,,,,,,,,,,+ve Space Read: Catch,,,,,"Neutral, Match 3, Stat, Q0, UVA 0 - 0 OPP",,
06.21.25 KP v MIN Offense,314.3932310832980,8.598707257695710,KP,20,,,,,,,,,,,,,,,,,,,,,,,,,,,,,,,,,,,,,,,,,,,,,,,,,,,,,,,,,,"Neutral, Match 3, Stat, Q0, UVA 0 - 0 OPP",,
06.21.25 KP v MIN Offense,324.79341571631800,10.400012311671600,KP,21,,,,,,,,,,,,,,,,,,,,,,,,,,,,,,,,,,,,,,,,,,,,,,,,,,,,,,,,,,"Neutral, Match 3, Stat, Q0, UVA 0 - 0 OPP",,
06.21.25 KP v MIN Offense,349.2954955296500,14.800216911664100,KP,22,,,,,,,,,,,,,,,,,,,,,,,,,,,,,,,,,,,,,,,,,,+ve QB12: Strong Side,,,,,,,,,,,,,,,,"Neutral, Match 3, Stat, Q0, UVA 0 - 0 OPP",,
06.21.25 KP v MIN Offense,364.8937661043210,1.800694837004470,KP,23,,,,,,,,,,,,,,,,,,,,,,,,,,,,,,,,,,,,,,,,,,,,,,,,,,,,,,,,,,"Neutral, Match 3, Stat, Q0, UVA 0 - 0 OPP",,
06.21.25 KP v MIN Offense,365.4947026036370,12.499840499369300,KP,24,,,,,,-ve Cutting & Screening: Denial,,,,,,,,,,,,,,,,,,,,,,,,,,,,,,,,,,,,,,,,,,,,,,,,,,,,"Neutral, Match 3, Stat, Q0, UVA 0 - 0 OPP",,
06.21.25 KP v MIN Offense,385.694517992963,5.298484340341930,KP,25,,,,,,,,,,,,,,,,,,,,,,,,,,,,,,,,,,,,,,,,,,,,,,,,,,,,,,,,,,"Neutral, Match 3, Stat, Q0, UVA 0 - 0 OPP",,
06.21.25 KP v MIN Offense,394.593480394985,10.202480375330200,KP,26,,,,,,,,,,,,,,,,,,,,,,,,,,,,,,,,,,,,,,,,,,,,,,,,,,,,,,,,,,"Neutral, Match 3, Stat, Q0, UVA 0 - 0 OPP",,
06.21.25 KP v MIN Offense,410.69366916999800,11.599420632310100,KP,27,,,,,,+ve Cutting & Screening: Denial,,,,,,,,,,,,,,,,,,,,,,,,,,,,,,,,,,,,,,,,,,,,,,,,,,,,"Neutral, Match 3, Stat, Q0, UVA 0 - 0 OPP",,
06.21.25 KP v MIN Offense,424.89483616997600,14.39663244302120,KP,28,,,,,,-ve Cutting & Screening: Principle,,,,,,,,,,,,,,,,,,,,,,,,,,,,,,,,,,,,,,,,,,,,,,,,,,,,"Neutral, Match 3, Stat, Q0, UVA 0 - 0 OPP",,
06.21.25 KP v MIN Offense,445.59545134567000,9.092537889001220,KP,29,,,,,,,,,,,,,,,,,,,,,,,,,,,,,,,,,,,,,,,,,,,,,,,,,,,,,,,,,+ve Transition: Effort and Pace,"Neutral, Match 3, Stat, Q0, UVA 0 - 0 OPP",,
06.21.25 KP v MIN Offense,462.89219996566000,10.702130452654300,KP,30,,,,,,,,,+ve Driving: Paint Touch,+ve Finishing: Read the Length,,,,,,,,,,,,,,,,,,,,,,,,,,,,,,,,,,,,,,,,Deep 2,Made,4z7,+ve Space Read: Catch,,,,+ve Transition: Effort and Pace,"Neutral, Match 3, Stat, Q0, UVA 0 - 0 OPP",,
06.21.25 KP v MIN Offense,473.79557176598300,9.897322830994820,KP,31,,,,,,,,,,,,,,,,,,,,,,,,,,,,,,,,,,,,,,,,,,,,,,,,,,,,,,,,,,"Neutral, Match 3, Stat, Q0, UVA 0 - 0 OPP",,
06.21.25 KP v MIN Offense,490.6964825989760,6.895999413993370,KP,32,,,,,,,,,,,,,,,,,,,,,,,,,,,,,,,,,,,,,,,,,,,,,,,,,,,,,,,,,,"Turnover, Neutral, Match 3, Stat, Q0, UVA 0 - 0 OPP",,
06.21.25 KP v MIN Offense,500.89481835533300,18.200475194666500,KP,33,,,,,,,,,-ve Driving: Paint Touch,,-ve Footwork: Patient Pickup,,,,,,,,,,,,,,,,,,,,,,,,,,,,,,,,,,,,,,,3pt,Made,11z5,,,,,,"Neutral, Match 3, Stat, Q0, UVA 0 - 0 OPP",,
06.21.25 KP v MIN Offense,521.4963253610030,18.999700016659100,KP,34,,,,,,+ve Cutting & Screening: Cut Fill,,,,,,,,,,,,,,,,,,,,,,,,,,,,,,,,,+ve Passing: Teammate on the Move,,,,,+ve Relocate: Reverse Direction,,,,,,3pt,Miss Short,2z11,,,,,,"Neutral, Match 3, Stat, Q0, UVA 0 - 0 OPP",,
06.21.25 KP v MIN Offense,541.5959510013230,18.398406262014600,KP,35,,,,,,,,,+ve Driving: Paint Touch,"+ve Finishing: Stride Pivot, +ve Finishing: Read the Length",,,,,,,,,,,,,,,,,,,,,,,,,,,,,,,,,,-ve Relocate: Weak Corner,,,,,,Deep 2,Made,3z7,+ve Space Read: Catch,,,,,"Neutral, Match 3, Stat, Q0, UVA 0 - 0 OPP",,
06.21.25 KP v MIN Offense,560.9921157819770,12.194072153338200,KP,36,,,,,,,,,,,,,,,,,,,,,,,,,,,,,,,,,,,,,,,,,,+ve QB12: Strong Side,,,,,,,,,,,,,,,,"Neutral, Match 3, Stat, Q0, UVA 0 - 0 OPP",,
06.21.25 KP v MIN Offense,575.7970967282940,6.997651238345610,KP,37,,,,,,,,,,,,,,,,,,,,,,,,,,,,,,,,,,,,,,,,,,,,,,,,,,,,,,,,,,"Neutral, Match 3, Stat, Q0, UVA 0 - 0 OPP",,
06.21.25 KP v MIN Offense,584.2925057130050,17.003326331326200,KP,38,,,,,,,,,,,,,,,,,,,,,,,,,,,,,,,,,,,,,,,,,,,,,,,,,,,,,,,,,,"Neutral, Match 3, Stat, Q0, UVA 0 - 0 OPP",,
06.21.25 KP v MIN Offense,605.595525829984,14.597670121664500,KP,39,,,,,,,,+ve DM Catch: Drive a Swing/Skip Pass,+ve Driving: Paint Touch,,+ve Footwork: Patient Pickup,,,,,,,,,,,,,,,,,,,,,,,,,,,,-ve Passing: Teammate on the Move,,,,,,,,,,,,,,"+ve Space Read: Catch, +ve Space Read: Live Dribble",,,,,"Turnover, Neutral, Match 3, Stat, Q0, UVA 0 - 0 OPP",,
06.21.25 KP v MIN Offense,621.8940601509760,9.9000388319987,KP,40,,,,,,,,"-ve DM Catch: Swing, +ve DM Catch: Uncontested Shot",,,,,,,,,,,,,,,,,,,,,,,,,,,,,,,,,,,,,,,,,,3pt,Miss Long,9z2,,,,,,"Neutral, Match 3, Stat, Q0, UVA 0 - 0 OPP",,
06.21.25 KP v MIN Offense,637.593820637641,5.998594436664460,KP,41,,,,,,,,,+ve Driving: Paint Touch,"+ve Finishing: Physicality, +ve Finishing: Read the Length",,,,,,,,,,,,,,,,,,,,,,,,,,,,,,,,-ve QB12: Weak Side,,,,,,,,Deep 2,Made,3z6,+ve Space Read: Live Dribble,,,,,"Neutral, Match 3, Stat, Q0, UVA 0 - 0 OPP",,
06.21.25 KP v MIN Offense,644.9950986726630,12.996967782313700,KP,42,,,,,,,,,,,,,,,,,,,,,,,,,,,,,,,,,,,,,,,,,,,,-ve Relocate: Weak Corner,,,,,,,,,,,,,,"Neutral, Match 3, Stat, Q0, UVA 0 - 0 OPP",,
06.21.25 KP v MIN Offense,681.3935601583210,10.598844887689300,KP,43,,,,,,,,,-ve Driving: Paint Touch,+ve Finishing: Stride Pivot,+ve Footwork: Patient Pickup,,,,,,,,,,,,,,,,,,,,,,,,,,,,,,,,,,,,,,,Short 2,Made,5z4,,,,,,"Neutral, Match 3, Stat, Q0, UVA 0 - 0 OPP",,
06.21.25 KP v MIN Offense,694.3950767796500,9.39713404267502,KP,44,,,,,,,,,,,,,,,,,,,,,,,,,,,,,,,,,,,,,,,,,,,,,,,,,,,,,,,,,,"Neutral, Match 3, Stat, Q0, UVA 0 - 0 OPP",,
06.21.25 KP v MIN Offense,710.9945859789780,14.402439956342800,KP,45,,,,,,,,,,,,,,,,,,,,,,,,,,,,,,,,,,,,,,,,,,+ve QB12: Fill Behind,,,,,,,,,,,,,,,,"Neutral, Match 3, Stat, Q0, UVA 0 - 0 OPP",,
06.21.25 KP v MIN Offense,726.8913678699820,26.40138554498710,KP,46,,,,,,+ve Cutting & Screening: Cut Fill,,,+ve Driving: Paint Touch,,,,,,,,,,,,,,,,,,,,,,,,,,,,,,+ve Passing: Read the Length,,,"+ve QB12: Strong Side, -ve QB12: Roller, +ve QB12: Weak Side",,,,,,,,,,,,,,,,"Neutral, Match 3, Stat, Q0, UVA 0 - 0 OPP",,
06.21.25 KP v MIN Offense,783.5949251033200,11.097318517987700,KP,47,,,,,,,,,,,,,,,,,,,,,,,,,,,,,,,,,,,,,,,,,,,,,,,,,,,,,,,,,+ve Transition: Effort and Pace,"Neutral, Match 3, Stat, Q0, UVA 0 - 0 OPP",,
06.21.25 KP v MIN Offense,796.3965476049970,16.697051284972300,KP,48,,,,,,,,,,,,,,,,,,,,,,,,,,,,,,,,,,,,,,,,,,,,,,,,,,,,,,,,,,"Neutral, Match 3, Stat, Q0, UVA 0 - 0 OPP",,
06.21.25 KP v MIN Offense,832.4910240800040,18.301464285635800,KP,49,,,,,,+ve Cutting & Screening: Denial,,,,,,,,,,,,,,,,,,,,,,,,,,,,,,,,,,,+ve Positioning - Create Shape,+ve QB12: Weak Side,,,,,,,,,,,,,,,,"Neutral, Match 3, Stat, Q0, UVA 0 - 0 OPP",,
06.21.25 KP v MIN Offense,863.1938548333060,7.902314775691930,KP,50,,,,,,,,,,,,,,,,,,,,,,,,,,,,,,,,,,,,,,,,,,,,,,,,,,,,,,,,,,"Neutral, Match 3, Stat, Q0, UVA 0 - 0 OPP",,
06.21.25 KP v MIN Offense,879.7900287429990,5.804958592337020,KP,51,,,,,,,,,+ve Driving: Paint Touch,+ve Finishing: Earn a Foul,,,,,,,,,,,,,,,,,,,,,,,,,,,,,,,,-ve QB12: Weak Side,,,,,,,,Deep 2,Fouled,4z7,,,,,,"Neutral, Match 3, Stat, Q0, UVA 0 - 0 OPP",,
06.21.25 KP v MIN Offense,897.3950458469780,15.099523790999100,KP,52,,,,,,,,"-ve DM Catch: Swing, +ve DM Catch: Back-to-Back",,,,,,,,,,,,,,,,,,,,,,,,,,,,,,,,,,"+ve QB12: Roller, +ve QB12: Strong Side",,,,,,,,,,,,,,,,"Neutral, Match 3, Stat, Q0, UVA 0 - 0 OPP",,
06.21.25 KP v MIN Offense,914.3918730559800,9.503671607356300,KP,53,,,,,,,,,,,,,,,,,,,,,,,,,,,,,,,,,,,,,,,,,,,,,,,,,,,,,,,,,,"Neutral, Match 3, Stat, Q0, UVA 0 - 0 OPP",,
06.21.25 KP v MIN Offense,929.5944195529810,6.602240674654700,KP,54,,,,,,,,,,,,,,,,,,,,,,,,,,,,,,,,,,,,,,,,,,+ve QB12: Strong Side,,,,,,,,,,,,,,,,"Neutral, Match 3, Stat, Q0, UVA 0 - 0 OPP",,
06.21.25 KP v MIN Offense,937.3927423256350,8.303587010345840,KP,55,,,,,,,,,,,,,,,,,,,,,,,,,,,,,,,,,,,,,,,,,,,,,,,,,,,,,,,,,,"Neutral, Match 3, Stat, Q0, UVA 0 - 0 OPP",,
06.21.25 KP v MIN Offense,960.6932567403130,10.999054352664600,KP,56,,,,,,,,,,,,,,,,,,,,,,,,,,,,,,,,,,,,,,,,,,,,+ve Relocate: Weak Corner,,,,,,,,,,,,,,"Neutral, Match 3, Stat, Q0, UVA 0 - 0 OPP",,
06.21.25 KP v MIN Offense,972.4927907973130,17.80126646201030,KP,57,,,,,,,,,,,,,,,,,,,,,,,,,,,,,,,,,,,,,,,,,,,,+ve Relocate: Fill Behind,,,,,,,,,,,,,,"Neutral, Match 3, Stat, Q0, UVA 0 - 0 OPP",,
06.21.25 KP v MIN Offense,991.892234431638,9.802606629038340,KP,58,,,,,,,,,+ve Driving: Paint Touch,-ve Finishing: Read the Length,,,,,,,,,,,,,,,,,,,,,,,,,,,,,,,,"-ve QB12: Strong Side, -ve QB12: Weak Side",,,,,,,,Deep 2,Miss Short,3z6,,,,,,"Neutral, Match 3, Stat, Q0, UVA 0 - 0 OPP",,
06.21.25 KP v MIN Offense,1004.5929827793200,12.61224400899970,KP,59,,,,,,,,,,,+ve Footwork: Patient Pickup,,,,,,,,,,,,,,,,,,,,,,,,,,,,,,,,,,,,,,,3pt,Miss Short,10z6,,,,,,"Neutral, Match 3, Stat, Q0, UVA 0 - 0 OPP",,
06.21.25 KP v MIN Offense,1030.196442213660,11.599379855667600,KP,60,,,,,,,,,+ve Driving: Paint Touch,,,,,,,,,,,,,,,,,,,,,,,,,,,,,,,,,+ve QB12: Strong Side,,,,,,,,,,,+ve Space Read: Live Dribble,,,,,"Neutral, Match 3, Stat, Q0, UVA 0 - 0 OPP",,
06.21.25 KP v MIN Offense,1043.4929352633300,12.398762047002900,KP,61,,,,,,,,,,,,,,,,,,,,,,,,,,,,,,,,,,,,,,,,,,+ve QB12: Strong Side,,,,,,,,,,,+ve Space Read: Catch,,,,,"Neutral, Match 3, Stat, Q0, UVA 0 - 0 OPP",,
06.21.25 KP v MIN Offense,1065.4945873429700,12.798736176669800,KP,62,,,,,,,,,,,,,,,,,,,,,,,,,,,,,,,,,,,,,,,,,+ve Positioning - Create Shape,+ve QB12: Strong Side,,,,,,,,,,,+ve Space Read: Catch,,,,,"Neutral, Match 3, Stat, Q0, UVA 0 - 0 OPP",,
06.21.25 KP v MIN Offense,1080.1901045720000,10.000279712312200,KP,63,,,,,,,,+ve DM Catch: Uncontested Shot,,,,,,,,,,,,,,,,,,,,,,,,,,,,,,,,,,,,,,,,,,3pt,Miss Long,10z10,,,,,,"Neutral, Match 3, Stat, Q0, UVA 0 - 0 OPP",,
06.21.25 KP v MIN Offense,1096.5971061816500,21.799233001012500,KP,64,,,,,,,,,+ve Driving: Paint Touch,,,,,,,,,,,,,,,,,,,,,,,,,,,,,,,,+ve Positioning - Create Shape,"+ve QB12: Strong Side, -ve QB12: Strong Side, +ve QB12: Fill Behind",,+ve Relocate: Fill Behind,,,,,,,,,-ve Space Read: Catch,,,,,"Neutral, Match 3, Stat, Q0, UVA 0 - 0 OPP",,
06.21.25 KP v MIN Offense,1126.7972617029900,12.995708209349200,KP,65,,,,,,,,+ve DM Catch: Swing,,,,,,,,,,,,,,,,,,,,,,,,,,,,,,,,,,,,-ve Relocate: Fill Behind,,,,,,,,,,,,,,"Neutral, Match 3, Stat, Q0, UVA 0 - 0 OPP",,
06.21.25 KP v MIN Offense,1150.5951124873200,12.798305621000700,KP,66,,,,,,,,,,,,,,,,,,,,,,,,,,,,,,,,,,,,,,,,,,,,,,,,,,,,,,,,,,"Neutral, Match 3, Stat, Q0, UVA 0 - 0 OPP",,
06.21.25 KP v MIN Offense,1165.4929029469600,13.612644540357900,KP,67,,,,,,,,,,,,,,,,,,,,,,,,,,,,,,,,,,,,,,,,,,,,+ve Relocate: Slide Away,,,,,,,,,,,,,,"Neutral, Match 3, Stat, Q0, UVA 0 - 0 OPP",,
06.21.25 KP v MIN Offense,1182.9931538973300,14.70733657098800,KP,68,,,,,,,,+ve DM Catch: Drive a Swing/Skip Pass,,,,,,,,,,,,,,,,,,,,,,,,,,,,,,,,,,+ve QB12: Weak Side,,,,,,,,,,,-ve Space Read: Catch,,,,,"Neutral, Match 3, Stat, Q0, UVA 0 - 0 OPP",,
06.21.25 KP v MIN Offense,1203.5942101246300,5.901891469023210,KP,69,,,,,,,,,,,,,,,,,,,,,,,,,,,,,,,,,,,,,,,,,,,,,,,,,,,,,,,,,+ve Transition: Effort and Pace,"Neutral, Match 3, Stat, Q0, UVA 0 - 0 OPP",,
06.21.25 KP v MIN Offense,1210.8927560396400,11.195939719030100,KP,70,,,,,,,,,,,,,,,,,,,,,,,,,,,,,,,,,,,,,,,,,,,,-ve Relocate: Fill Behind,,,,,,,,,,,,,,"Neutral, Match 3, Stat, Q0, UVA 0 - 0 OPP",,
06.21.25 KP v MIN Offense,1224.5951171003300,8.398162880982450,KP,71,,,,,,,,-ve DM Catch: Uncontested Shot,,,,,,,,,,,,,,,,,,,,,,,,,,,,,,,,,,,,,,,,,,3pt,Miss Short,8z10,,,,,,"Neutral, Match 3, Stat, Q0, UVA 0 - 0 OPP",,
06.21.25 KP v MIN Offense,1235.1954627783200,9.108482138987480,KP,72,,,,,,,,,,,,,,,,,,,,,,,,,,,,,,,,,,,,,,,,,,+ve QB12: Fill Behind,,+ve Relocate: Slide Away,,,,,,,,,,,,,,"Neutral, Match 3, Stat, Q0, UVA 0 - 0 OPP",,
06.21.25 KP v MIN Offense,1246.7922034556800,13.902764099629200,KP,73,,,,,,,,,,,,,,,,,,,,,,,,,,,,,,,,,,,,,,,,,,,,"+ve Relocate: Slide Away, -ve Relocate: Weak Corner",,,,,,,,,,,,,,"Neutral, Match 3, Stat, Q0, UVA 0 - 0 OPP",,
06.21.25 KP v MIN Offense,1264.0951830186600,13.799559635978100,KP,74,,,,,,,,,,,,,,,,,,,,,,,,,,,,,,,,,,,,,,,,,,,,,,,,,,,,,,,,,,"Neutral, Match 3, Stat, Q0, UVA 0 - 0 OPP",,
06.21.25 KP v MIN Offense,1282.1947718616700,9.998636200657300,KP,75,,,,,,,,,+ve Driving: Paint Touch,"+ve Finishing: Stride Pivot, -ve Finishing: Read the Length",,,,,,,,,,,,,,,,,,,,,,,,,,,,,,,,,,,,,,,,Deep 2,Miss Short,4z6,+ve Space Read: Live Dribble,,,,,"Neutral, Match 3, Stat, Q0, UVA 0 - 0 OPP",,
06.21.25 KP v MIN Offense,1315.690364676630,10.303690903995200,KP,76,,,,,,,,,,,-ve Footwork: Patient Pickup,,,,,,,,,,,,,,,,,,,,,,,,,,,,,,,-ve QB12: Fill Behind,,,,,,,,3pt,Miss Short,10z3,,,,,,"Neutral, Match 3, Stat, Q0, UVA 0 - 0 OPP",,
06.21.25 KP v MIN Offense,1328.69462808231,15.60397912934040,KP,77,,,,,,,,,,,+ve Footwork: Step to Ball,,,,,,,,,,,,,,,,,,,,,,,,,,,,,,,+ve QB12: Fill Behind,,,,,,,,,,,,,,,,"Neutral, Match 3, Stat, Q0, UVA 0 - 0 OPP",,
06.21.25 KP v MIN Offense,116.79540053896800,16.0,Relocation,1,,,,,,,,,,,,,,,,,,,,,,,,,,,,,,,,,,,,,,,,,,,,+ve Relocate: Slide Away,,,,,,,,,,,,,,"Neutral, Match 3, Stat, Q0, UVA 0 - 0 OPP",,
06.21.25 KP v MIN Offense,128.19278536696700,16.0,Relocation,2,,,,,,,,,,,,,,,,,,,,,,,,,,,,,,,,,,,,,,,,,,,,+ve Relocate: Slide Away,,,,,,,,,,,,,,"Neutral, Match 3, Stat, Q0, UVA 0 - 0 OPP",,
06.21.25 KP v MIN Offense,147.59457718566100,16.0,Relocation,3,,,,,,,,,,,,,,,,,,,,,,,,,,,,,,,,,,,,,,,,,,,,+ve Relocate: Slide Away,,,,,,,,,,,,,,"Neutral, Match 3, Stat, Q0, UVA 0 - 0 OPP",,
06.21.25 KP v MIN Offense,172.19548718799900,16.0,Relocation,4,,,,,,,,,,,,,,,,,,,,,,,,,,,,,,,,,,,,,,,,,,,,+ve Relocate: Slide Away,,,,,,,,,,,,,,"Neutral, Match 3, Stat, Q0, UVA 0 - 0 OPP",,
06.21.25 KP v MIN Offense,187.39479124731800,16.0,Relocation,5,,,,,,,,,,,,,,,,,,,,,,,,,,,,,,,,,,,,,,,,,,,,+ve Relocate: Slide Away,,,,,,,,,,,,,,"Neutral, Match 3, Stat, Q0, UVA 0 - 0 OPP",,
06.21.25 KP v MIN Offense,211.79523699599700,16.0,Relocation,6,,,,,,,,,,,,,,,,,,,,,,,,,,,,,,,,,,,,,,,,,,,,-ve Relocate: Slide Away,,,,,,,,,,,,,,"Neutral, Match 3, Stat, Q0, UVA 0 - 0 OPP",,
06.21.25 KP v MIN Offense,527.2952707566470,16.0,Relocation,7,,,,,,,,,,,,,,,,,,,,,,,,,,,,,,,,,,,,,,,,,,,,+ve Relocate: Reverse Direction,,,,,,,,,,,,,,"Neutral, Match 3, Stat, UVA 0 - 0 OPP, Q0",,
06.21.25 KP v MIN Offense,543.4976505729890,16.0,Relocation,8,,,,,,,,,,,,,,,,,,,,,,,,,,,,,,,,,,,,,,,,,,,,-ve Relocate: Weak Corner,,,,,,,,,,,,,,"Neutral, Match 3, Stat, Q0, UVA 0 - 0 OPP",,
06.21.25 KP v MIN Offense,631.4955236389780,16.0,Relocation,9,,,,,,,,,,,,,,,,,,,,,,,,,,,,,,,,,,,,,,,,,,-ve QB12: Weak Side,,-ve Relocate: Dunker- Baseline Cut,,,,,,,,,,,,,,"Neutral, Match 3, Stat, Q0, UVA 0 - 0 OPP",,
06.21.25 KP v MIN Offense,642.3942942733140,16.0,Relocation,10,,,,,,,,,,,,,,,,,,,,,,,,,,,,,,,,,,,,,,,,,,,,-ve Relocate: Weak Corner,,,,,,,,,,,,,,"Neutral, Match 3, Stat, Q0, UVA 0 - 0 OPP",,
06.21.25 KP v MIN Offense,958.2919821136720,16.0,Relocation,11,,,,,,,,,,,,,,,,,,,,,,,,,,,,,,,,,,,,,,,,,,,,+ve Relocate: Weak Corner,,,,,,,,,,,,,,"Neutral, Match 3, Stat, Q0, UVA 0 - 0 OPP",,
06.21.25 KP v MIN Offense,973.8928988426430,16.0,Relocation,12,,,,,,,,,,,,,,,,,,,,,,,,,,,,,,,,,,,,,,,,,,,,+ve Relocate: Fill Behind,,,,,,,,,,,,,,"Neutral, Match 3, Stat, Q0, UVA 0 - 0 OPP",,
06.21.25 KP v MIN Offense,1096.9923554516600,16.0,Relocation,13,,,,,,,,,,,,,,,,,,,,,,,,,,,,,,,,,,,,,,,,,,,,+ve Relocate: Fill Behind,,,,,,,,,,,,,,"Neutral, Match 3, Stat, Q0, UVA 0 - 0 OPP",,
06.21.25 KP v MIN Offense,1168.2957299516500,16.0,Relocation,14,,,,,,,,,,,,,,,,,,,,,,,,,,,,,,,,,,,,,,,,,,,,+ve Relocate: Slide Away,,,,,,,,,,,,,,"Neutral, Match 3, Stat, Q0, UVA 0 - 0 OPP",,
06.21.25 KP v MIN Offense,1210.1950604200000,16.0,Relocation,15,,,,,,,,,,,,,,,,,,,,,,,,,,,,,,,,,,,,,,,,,,,,-ve Relocate: Fill Behind,,,,,,,,,,,,,,"Neutral, Match 3, Stat, Q0, UVA 0 - 0 OPP",,
06.21.25 KP v MIN Offense,1233.393390171980,16.0,Relocation,16,,,,,,,,,,,,,,,,,,,,,,,,,,,,,,,,,,,,,,,,,,,,+ve Relocate: Slide Away,,,,,,,,,,,,,,"Neutral, Match 3, Stat, Q0, UVA 0 - 0 OPP",,
06.21.25 KP v MIN Offense,1244.2937557003200,16.0,Relocation,17,,,,,,,,,,,,,,,,,,,,,,,,,,,,,,,,,,,,,,,,,,,,+ve Relocate: Slide Away,,,,,,,,,,,,,,"Neutral, Match 3, Stat, Q0, UVA 0 - 0 OPP",,
06.21.25 KP v MIN Offense,1244.7930366066500,16.0,Relocation,18,,,,,,,,,,,,,,,,,,,,,,,,,,,,,,,,,,,,,,,,,,,,-ve Relocate: Weak Corner,,,,,,,,,,,,,,"Neutral, Match 3, Stat, Q0, UVA 0 - 0 OPP",,
06.21.25 KP v MIN Offense,366.59186066999100,16.0,Cutting & Screening,1,,,,,,-ve Cutting & Screening: Denial,,,,,,,,,,,,,,,,,,,,,,,,,,,,,,,,,,,,,,,,,,,,,,,,,,,,"Neutral, Match 3, Stat, Q0, UVA 0 - 0 OPP",,
06.21.25 KP v MIN Offense,412.4933320343290,16.0,Cutting & Screening,2,,,,,,+ve Cutting & Screening: Denial,,,,,,,,,,,,,,,,,,,,,,,,,,,,,,,,,,,,,,,,,,,,,,,,,,,,"Neutral, Match 3, Stat, Q0, UVA 0 - 0 OPP",,
06.21.25 KP v MIN Offense,425.39544122699400,16.0,Cutting & Screening,3,,,,,,-ve Cutting & Screening: Principle,,,,,,,,,,,,,,,,,,,,,,,,,,,,,,,,,,,,,,,,,,,,,,,,,,,,"Neutral, Match 3, Stat, Q0, UVA 0 - 0 OPP",,
06.21.25 KP v MIN Offense,525.9961201379750,16.0,Cutting & Screening,4,,,,,,+ve Cutting & Screening: Cut Fill,,,,,,,,,,,,,,,,,,,,,,,,,,,,,,,,,,,,,,+ve Relocate: Reverse Direction,,,,,,,,,,,,,,"Neutral, Match 3, Stat, Q0, UVA 0 - 0 OPP",,
06.21.25 KP v MIN Offense,731.9933983673330,16.0,Cutting & Screening,5,,,,,,+ve Cutting & Screening: Cut Fill,,,,,,,,,,,,,,,,,,,,,,,,,,,,,,,,,,,,,,,,,,,,,,,,,,,,"Neutral, Match 3, Stat, Q0, UVA 0 - 0 OPP",,
06.21.25 KP v MIN Offense,829.4951413946490,16.0,Cutting & Screening,6,,,,,,+ve Cutting & Screening: Denial,,,,,,,,,,,,,,,,,,,,,,,,,,,,,,,,,,,,,,,,,,,,,,,,,,,,"Neutral, Match 3, Stat, Q0, UVA 0 - 0 OPP",,
06.21.25 KP v MIN Offense,440.09287979597300,16.0,Transition,1,,,,,,,,,,,,,,,,,,,,,,,,,,,,,,,,,,,,,,,,,,,,,,,,,,,,,,,,,+ve Transition: Effort and Pace,"Neutral, Match 3, Stat, Q0, UVA 0 - 0 OPP",,
06.21.25 KP v MIN Offense,456.89072070499100,16.0,Transition,2,,,,,,,,,,,,,,,,,,,,,,,,,,,,,,,,,,,,,,,,,,,,,,,,,,,,,,,,,+ve Transition: Effort and Pace,"Neutral, Match 3, Stat, Q0, UVA 0 - 0 OPP",,
06.21.25 KP v MIN Offense,777.1927405883090,16.0,Transition,3,,,,,,,,,,,,,,,,,,,,,,,,,,,,,,,,,,,,,,,,,,,,,,,,,,,,,,,,,+ve Transition: Effort and Pace,"Neutral, Match 3, Stat, Q0, UVA 0 - 0 OPP",,
06.21.25 KP v MIN Offense,1196.792734138310,16.0,Transition,4,,,,,,,,,,,,,,,,,,,,,,,,,,,,,,,,,,,,,,,,,,,,,,,,,,,,,,,,,+ve Transition: Effort and Pace,"Neutral, Match 3, Stat, Q0, UVA 0 - 0 OPP",,
06.21.25 KP v MIN Offense,834.794402192966,16.0,Positioning,1,,,,,,,,,,,,,,,,,,,,,,,,,,,,,,,,,,,,,,,,,+ve Positioning - Create Shape,,,,,,,,,,,,,,,,,"Neutral, Match 3, Stat, Q0, UVA 0 - 0 OPP",,
06.21.25 KP v MIN Offense,1067.892971097960,16.0,Positioning,2,,,,,,,,,,,,,,,,,,,,,,,,,,,,,,,,,,,,,,,,,+ve Positioning - Create Shape,,,,,,,,,,,,,,,,,"Neutral, Match 3, Stat, Q0, UVA 0 - 0 OPP",,
06.21.25 KP v MIN Offense,1106.0951075506400,16.0,Positioning,3,,,,,,,,,,,,,,,,,,,,,,,,,,,,,,,,,,,,,,,,,+ve Positioning - Create Shape,,,,,,,,,,,,,,,,,"Neutral, Match 3, Stat, Q0, UVA 0 - 0 OPP",,
06.21.25 KP v MIN Offense,45.19054175199570,16.0,Space Read,1,,,,,,,,,,,,,,,,,,,,,,,,,,,,,,,,,,,,,,,,,,,,,,,,,,,,,-ve Space Read: Catch,,,,,"Neutral, Match 3, Stat, Q0, UVA 0 - 0 OPP",,
06.21.25 KP v MIN Offense,276.89535634733000,16.0,Space Read,2,,,,,,,,+ve DM Catch: Drive a Swing/Skip Pass,,,,,,,,,,,,,,,,,,,,,,,,,,,,,,,,,,,,,,,,,,,,,+ve Space Read: Catch,,,,,"Neutral, Match 3, Stat, Q0, UVA 0 - 0 OPP",,
06.21.25 KP v MIN Offense,292.09446114230700,16.0,Space Read,3,,,,,,,,+ve DM Catch: Drive a Swing/Skip Pass,,,,,,,,,,,,,,,,,,,,,,,,,,,,,,,,,,,,,,,,,,,,,+ve Space Read: Catch,,,,,"Neutral, Match 3, Stat, Q0, UVA 0 - 0 OPP",,
06.21.25 KP v MIN Offense,461.29125932033400,16.0,Space Read,4,,,,,,,,,,,,,,,,,,,,,,,,,,,,,,,,,,,,,,,,,,,,,,,,,,,,,+ve Space Read: Catch,,,,,"Neutral, Match 3, Stat, Q0, UVA 0 - 0 OPP",,
06.21.25 KP v MIN Offense,547.8959425883230,16.0,Space Read,5,,,,,,,,,,,,,,,,,,,,,,,,,,,,,,,,,,,,,,,,,,,,,,,,,,,,,+ve Space Read: Catch,,,,,"Neutral, Match 3, Stat, Q0, UVA 0 - 0 OPP",,
06.21.25 KP v MIN Offense,605.3956928313170,16.0,Space Read,6,,,,,,,,+ve DM Catch: Drive a Swing/Skip Pass,,,,,,,,,,,,,,,,,,,,,,,,,,,,,,,,,,,,,,,,,,,,,+ve Space Read: Catch,,,,,"Neutral, Match 3, Stat, Q0, UVA 0 - 0 OPP",,
06.21.25 KP v MIN Offense,607.4922356849960,16.0,Space Read,7,,,,,,,,,,,,,,,,,,,,,,,,,,,,,,,,,,,,,,,,,,,,,,,,,,,,,+ve Space Read: Live Dribble,,,,,"Neutral, Match 3, Stat, Q0, UVA 0 - 0 OPP",,
06.21.25 KP v MIN Offense,630.697219228985,16.0,Space Read,8,,,,,,,,,,,,,,,,,,,,,,,,,,,,,,,,,,,,,,,,,,,,,,,,,,,,,+ve Space Read: Live Dribble,,,,,"Neutral, Match 3, Stat, Q0, UVA 0 - 0 OPP",,
06.21.25 KP v MIN Offense,1028.7959010523300,16.0,Space Read,9,,,,,,,,,,,,,,,,,,,,,,,,,,,,,,,,,,,,,,,,,,,,,,,,,,,,,+ve Space Read: Live Dribble,,,,,"Neutral, Match 3, Stat, Q0, UVA 0 - 0 OPP",,
06.21.25 KP v MIN Offense,1041.496733253670,16.0,Space Read,10,,,,,,,,,,,,,,,,,,,,,,,,,,,,,,,,,,,,,,,,,,,,,,,,,,,,,+ve Space Read: Catch,,,,,"Neutral, Match 3, Stat, Q0, UVA 0 - 0 OPP",,
06.21.25 KP v MIN Offense,1064.6947615626700,16.0,Space Read,11,,,,,,,,,,,,,,,,,,,,,,,,,,,,,,,,,,,,,,,,,,,,,,,,,,,,,+ve Space Read: Catch,,,,,"Neutral, Match 3, Stat, Q0, UVA 0 - 0 OPP",,
06.21.25 KP v MIN Offense,1100.6933987619700,16.0,Space Read,12,,,,,,,,,,,,,,,,,,,,,,,,,,,,,,,,,,,,,,,,,,,,,,,,,,,,,-ve Space Read: Catch,,,,,"Neutral, Match 3, Stat, Q0, UVA 0 - 0 OPP",,
06.21.25 KP v MIN Offense,1183.0954986406400,16.0,Space Read,13,,,,,,,,+ve DM Catch: Drive a Swing/Skip Pass,,,,,,,,,,,,,,,,,,,,,,,,,,,,,,,,,,,,,,,,,,,,,-ve Space Read: Catch,,,,,"Neutral, Match 3, Stat, Q0, UVA 0 - 0 OPP",,
06.21.25 KP v MIN Offense,1275.9931963329900,16.0,Space Read,14,,,,,,,,,,,,,,,,,,,,,,,,,,,,,,,,,,,,,,,,,,,,,,,,,,,,,+ve Space Read: Live Dribble,,,,,"Neutral, Match 3, Stat, Q0, UVA 0 - 0 OPP",,
06.21.25 KP v MIN Offense,131.49370497598300,16.0,DM Catch,1,,,,,,,,+ve DM Catch: Swing,,,,,,,,,,,,,,,,,,,,,,,,,,,,,,,,,,,,,,,,,,,,,,,,,,"Neutral, Match 3, Stat, Q0, UVA 0 - 0 OPP",,
06.21.25 KP v MIN Offense,275.2958217883150,16.0,DM Catch,2,,,,,,,,-ve DM Catch: Swing,,,,,,,,,,,,,,,,,,,,,,,,,,,,,,,,,,,,,,,,,,,,,,,,,,"Neutral, Match 3, Stat, Q0, UVA 0 - 0 OPP",,
06.21.25 KP v MIN Offense,277.3080727159930,16.0,DM Catch,3,,,,,,,,+ve DM Catch: Drive a Swing/Skip Pass,,,,,,,,,,,,,,,,,,,,,,,,,,,,,,,,,,,,,,,,,,,,,,,,,,"Neutral, Match 3, Stat, Q0, UVA 0 - 0 OPP",,
06.21.25 KP v MIN Offense,292.3948104986560,16.0,DM Catch,4,,,,,,,,+ve DM Catch: Drive a Swing/Skip Pass,,,,,,,,,,,,,,,,,,,,,,,,,,,,,,,,,,,,,,,,,,,,,,,,,,"Neutral, Match 3, Stat, Q0, UVA 0 - 0 OPP",,
06.21.25 KP v MIN Offense,605.5973205426460,16.0,DM Catch,5,,,,,,,,+ve DM Catch: Drive a Swing/Skip Pass,,,,,,,,,,,,,,,,,,,,,,,,,,,,,,,,,,,,,,,,,,,,,,,,,,"Neutral, Match 3, Stat, Q0, UVA 0 - 0 OPP",,
06.21.25 KP v MIN Offense,619.0951336366430,16.0,DM Catch,6,,,,,,,,+ve DM Catch: Uncontested Shot,,,,,,,,,,,,,,,,,,,,,,,,,,,,,,,,,,,,,,,,,,,,,,,,,,"Neutral, Match 3, Stat, Q0, UVA 0 - 0 OPP",,
06.21.25 KP v MIN Offense,619.6950984396590,16.0,DM Catch,7,,,,,,,,-ve DM Catch: Swing,,,,,,,,,,,,,,,,,,,,,,,,,,,,,,,,,,,,,,,,,,,,,,,,,,"Neutral, Match 3, Stat, Q0, UVA 0 - 0 OPP",,
06.21.25 KP v MIN Offense,898.2927652436570,16.0,DM Catch,8,,,,,,,,-ve DM Catch: Swing,,,,,,,,,,,,,,,,,,,,,,,,,,,,,,,,,,,,,,,,,,,,,,,,,,"Neutral, Match 3, Stat, Q0, UVA 0 - 0 OPP",,
06.21.25 KP v MIN Offense,1075.6935795556600,16.0,DM Catch,9,,,,,,,,+ve DM Catch: Uncontested Shot,,,,,,,,,,,,,,,,,,,,,,,,,,,,,,,,,,,,,,,,,,3pt,,10z10,,,,,,"Neutral, Match 3, Stat, Q0, UVA 0 - 0 OPP",,
06.21.25 KP v MIN Offense,1126.0935124136500,16.0,DM Catch,10,,,,,,,,+ve DM Catch: Swing,,,,,,,,,,,,,,,,,,,,,,,,,,,,,,,,,,,,,,,,,,,,,,,,,,"Neutral, Match 3, Stat, Q0, UVA 0 - 0 OPP",,
06.21.25 KP v MIN Offense,1183.3965307286500,16.0,DM Catch,11,,,,,,,,+ve DM Catch: Drive a Swing/Skip Pass,,,,,,,,,,,,,,,,,,,,,,,,,,,,,,,,,,,,,,,,,,,,,,,,,,"Neutral, Match 3, Stat, Q0, UVA 0 - 0 OPP",,
06.21.25 KP v MIN Offense,1221.0926648876600,16.0,DM Catch,12,,,,,,,,-ve DM Catch: Uncontested Shot,,,,,,,,,,,,,,,,,,,,,,,,,,,,,,,,,,,,,,,,,,,,,,,,,,"Neutral, Match 3, Stat, Q0, UVA 0 - 0 OPP",,
06.21.25 KP v MIN Offense,272.99528366865600,16.0,QB12 Decision Making,1,,,,,,,,,,,,,,,,,,,,,,,,,,,,,,,,,,,,,,,,,,+ve QB12: Fill Behind,,,,,,,,,,,,,,,,"Neutral, Match 3, Stat, Q0, UVA 0 - 0 OPP",,
06.21.25 KP v MIN Offense,278.09358783867000,16.0,QB12 Decision Making,2,,,,,,,,,,,,,,,,,,,,,,,,,,,,,,,,,,,,,,,,,,-ve QB12: Weak Side,,,,,,,,,,,,,,,,"Neutral, Match 3, Stat, Q0, UVA 0 - 0 OPP",,
06.21.25 KP v MIN Offense,294.6945046446570,16.0,QB12 Decision Making,3,,,,,,,,,,,,,,,,,,,,,,,,,,,,,,,,,,,,,,,,,,+ve QB12: Weak Side,,,,,,,,,,,,,,,,"Neutral, Match 3, Stat, Q0, UVA 0 - 0 OPP",,
06.21.25 KP v MIN Offense,351.29266565032100,16.0,QB12 Decision Making,4,,,,,,,,,,,,,,,,,,,,,,,,,,,,,,,,,,,,,,,,,,+ve QB12: Strong Side,,,,,,,,,,,,,,,,"Neutral, Match 3, Stat, Q0, UVA 0 - 0 OPP",,
06.21.25 KP v MIN Offense,558.7931621813240,16.0,QB12 Decision Making,5,,,,,,,,,,,,,,,,,,,,,,,,,,,,,,,,,,,,,,,,,,+ve QB12: Strong Side,,,,,,,,,,,,,,,,"Neutral, Match 3, Stat, Q0, UVA 0 - 0 OPP",,
06.21.25 KP v MIN Offense,631.8970269829960,16.0,QB12 Decision Making,6,,,,,,,,,,,,,,,,,,,,,,,,,,,,,,,,,,,,,,,,,,-ve QB12: Weak Side,,,,,,,,,,,,,,,,"Neutral, Match 3, Stat, Q0, UVA 0 - 0 OPP",,
06.21.25 KP v MIN Offense,709.4930171563120,16.0,QB12 Decision Making,7,,,,,,,,,,,,,,,,,,,,,,,,,,,,,,,,,,,,,,,,,,+ve QB12: Fill Behind,,,,,,,,,,,,,,,,"Neutral, Match 3, Stat, Q0, UVA 0 - 0 OPP",,
06.21.25 KP v MIN Offense,727.3955730449650,16.0,QB12 Decision Making,8,,,,,,,,,,,,,,,,,,,,,,,,,,,,,,,,,,,,,,,,,,+ve QB12: Strong Side,,,,,,,,,,,,,,,,"Neutral, Match 3, Stat, Q0, UVA 0 - 0 OPP",,
06.21.25 KP v MIN Offense,733.5970362062950,16.0,QB12 Decision Making,9,,,,,,,,,,,,,,,,,,,,,,,,,,,,,,,,,,,,,,,,,,-ve QB12: Roller,,,,,,,,,,,,,,,,"Neutral, Match 3, Stat, Q0, UVA 0 - 0 OPP",,
06.21.25 KP v MIN Offense,734.7950196446520,16.0,QB12 Decision Making,10,,,,,,,,,,,,,,,,,,,,,,,,,,,,,,,,,,,,,,,+ve Passing: Read the Length,,,+ve QB12: Weak Side,,,,,,,,,,,,,,,,"Neutral, Match 3, Stat, Q0, UVA 0 - 0 OPP",,
06.21.25 KP v MIN Offense,831.4943721220070,16.0,QB12 Decision Making,11,,,,,,,,,,,,,,,,,,,,,,,,,,,,,,,,,,,,,,,,,,+ve QB12: Weak Side,,,,,,,,,,,,,,,,"Neutral, Match 3, Stat, Q0, UVA 0 - 0 OPP",,
06.21.25 KP v MIN Offense,874.9917998293090,16.0,QB12 Decision Making,12,,,,,,,,,,,,,,,,,,,,,,,,,,,,,,,,,,,,,,,,,,-ve QB12: Weak Side,,,,,,,,,,,,,,,,"Neutral, Match 3, Stat, Q0, UVA 0 - 0 OPP",,
06.21.25 KP v MIN Offense,895.4918921919960,16.0,QB12 Decision Making,13,,,,,,,,,,,,,,,,,,,,,,,,,,,,,,,,,,,,,,,,,,+ve QB12: Roller,,,,,,,,,,,,,,,,"Neutral, Match 3, Stat, Q0, UVA 0 - 0 OPP",,
06.21.25 KP v MIN Offense,900.505467445646,16.0,QB12 Decision Making,14,,,,,,,,,,,,,,,,,,,,,,,,,,,,,,,,,,,,,,,,,,+ve QB12: Strong Side,,,,,,,,,,,,,,,,"Neutral, Match 3, Stat, Q0, UVA 0 - 0 OPP",,
06.21.25 KP v MIN Offense,923.9945861580130,16.0,QB12 Decision Making,15,,,,,,,,,,,,,,,,,,,,,,,,,,,,,,,,,,,,,,,,,,+ve QB12: Strong Side,,,,,,,,,,,,,,,,"Neutral, Match 3, Stat, Q0, UVA 0 - 0 OPP",,
06.21.25 KP v MIN Offense,990.4928332396640,16.0,QB12 Decision Making,16,,,,,,,,,,,,,,,,,,,,,,,,,,,,,,,,,,,,,,,,,,-ve QB12: Weak Side,,,,,,,,,,,,,,,,"Neutral, Match 3, Stat, Q0, UVA 0 - 0 OPP",,
06.21.25 KP v MIN Offense,990.4932503999920,16.0,QB12 Decision Making,17,,,,,,,,,,,,,,,,,,,,,,,,,,,,,,,,,,,,,,,,,,-ve QB12: Strong Side,,,,,,,,,,,,,,,,"Neutral, Match 3, Stat, Q0, UVA 0 - 0 OPP",,
06.21.25 KP v MIN Offense,1028.792957968330,16.0,QB12 Decision Making,18,,,,,,,,,,,,,,,,,,,,,,,,,,,,,,,,,,,,,,,,,,+ve QB12: Strong Side,,,,,,,,,,,,,,,,"Neutral, Match 3, Stat, Q0, UVA 0 - 0 OPP",,
06.21.25 KP v MIN Offense,1041.9926511173300,16.0,QB12 Decision Making,19,,,,,,,,,,,,,,,,,,,,,,,,,,,,,,,,,,,,,,,,,,+ve QB12: Strong Side,,,,,,,,,,,,,,,,"Neutral, Match 3, Stat, Q0, UVA 0 - 0 OPP",,
06.21.25 KP v MIN Offense,1066.7955661466300,16.0,QB12 Decision Making,20,,,,,,,,,,,,,,,,,,,,,,,,,,,,,,,,,,,,,,,,,+ve Positioning - Create Shape,+ve QB12: Strong Side,,,,,,,,,,,,,,,,"Neutral, Match 3, Stat, Q0, UVA 0 - 0 OPP",,
06.21.25 KP v MIN Offense,1093.9920097549700,16.0,QB12 Decision Making,21,,,,,,,,,,,,,,,,,,,,,,,,,,,,,,,,,,,,,,,,,,+ve QB12: Strong Side,,,,,,,,,,,,,,,,"Neutral, Match 3, Stat, Q0, UVA 0 - 0 OPP",,
06.21.25 KP v MIN Offense,1102.5958202600000,16.0,QB12 Decision Making,22,,,,,,,,,,,,,,,,,,,,,,,,,,,,,,,,,,,,,,,,,,-ve QB12: Strong Side,,,,,,,,,,,,,,,,"Neutral, Match 3, Stat, Q0, UVA 0 - 0 OPP",,
06.21.25 KP v MIN Offense,1103.607621943300,16.0,QB12 Decision Making,23,,,,,,,,,,,,,,,,,,,,,,,,,,,,,,,,,,,,,,,,,,+ve QB12: Fill Behind,,,,,,,,,,,,,,,,"Neutral, Match 3, Stat, Q0, UVA 0 - 0 OPP",,
06.21.25 KP v MIN Offense,1185.6943793146600,16.0,QB12 Decision Making,24,,,,,,,,,,,,,,,,,,,,,,,,,,,,,,,,,,,,,,,,,,+ve QB12: Weak Side,,,,,,,,,,,,,,,,"Neutral, Match 3, Stat, Q0, UVA 0 - 0 OPP",,
06.21.25 KP v MIN Offense,1230.2904284736500,16.0,QB12 Decision Making,25,,,,,,,,,,,,,,,,,,,,,,,,,,,,,,,,,,,,,,,,,,+ve QB12: Fill Behind,,,,,,,,,,,,,,,,"Neutral, Match 3, Stat, Q0, UVA 0 - 0 OPP",,
06.21.25 KP v MIN Offense,1313.192633215310,16.0,QB12 Decision Making,26,,,,,,,,,,,,,,,,,,,,,,,,,,,,,,,,,,,,,,,,,,-ve QB12: Fill Behind,,,,,,,,,,,,,,,,"Neutral, Match 3, Stat, Q0, UVA 0 - 0 OPP",,
06.21.25 KP v MIN Offense,1325.194403439330,16.0,QB12 Decision Making,27,,,,,,,,,,,,,,,,,,,,,,,,,,,,,,,,,,,,,,,,,,+ve QB12: Fill Behind,,,,,,,,,,,,,,,,"Neutral, Match 3, Stat, Q0, UVA 0 - 0 OPP",,
06.21.25 KP v MIN Offense,277.7915947363210,16.0,Driving,1,,,,,,,,,+ve Driving: Paint Touch,,,,,,,,,,,,,,,,,,,,,,,,,,,,,,,,,,,,,,,,,,,,,,,,,"Neutral, Match 3, Stat, Q0, UVA 0 - 0 OPP",,
06.21.25 KP v MIN Offense,294.1938158366510,16.0,Driving,2,,,,,,,,,+ve Driving: Paint Touch,,,,,,,,,,,,,,,,,,,,,,,,,,,,,,,,,,,,,,,,,,,,,,,,,"Neutral, Match 3, Stat, Q0, UVA 0 - 0 OPP",,
06.21.25 KP v MIN Offense,460.9941846753200,16.0,Driving,3,,,,,,,,,+ve Driving: Paint Touch,,,,,,,,,,,,,,,,,,,,,,,,,,,,,,,,,,,,,,,,,,,,,,,,,"Neutral, Match 3, Stat, Q0, UVA 0 - 0 OPP",,
06.21.25 KP v MIN Offense,505.69442480530900,16.0,Driving,4,,,,,,,,,-ve Driving: Paint Touch,,,,,,,,,,,,,,,,,,,,,,,,,,,,,,,,,,,,,,,,,,,,,,,,,"Neutral, Match 3, Stat, Q0, UVA 0 - 0 OPP",,
06.21.25 KP v MIN Offense,548.6923931616500,16.0,Driving,5,,,,,,,,,+ve Driving: Paint Touch,,,,,,,,,,,,,,,,,,,,,,,,,,,,,,,,,,,,,,,,,,,,,,,,,"Neutral, Match 3, Stat, Q0, UVA 0 - 0 OPP",,
06.21.25 KP v MIN Offense,607.8924582336420,16.0,Driving,6,,,,,,,,,+ve Driving: Paint Touch,,,,,,,,,,,,,,,,,,,,,,,,,,,,,,,,,,,,,,,,,,,,,,,,,"Neutral, Match 3, Stat, Q0, UVA 0 - 0 OPP",,
06.21.25 KP v MIN Offense,631.895203294972,16.0,Driving,7,,,,,,,,,+ve Driving: Paint Touch,,,,,,,,,,,,,,,,,,,,,,,,,,,,,,,,,,,,,,,,,,,,,,,,,"Neutral, Match 3, Stat, Q0, UVA 0 - 0 OPP",,
06.21.25 KP v MIN Offense,680.5936126643060,16.0,Driving,8,,,,,,,,,-ve Driving: Paint Touch,,,,,,,,,,,,,,,,,,,,,,,,,,,,,,,,,,,,,,,,,,,,,,,,,"Neutral, Match 3, Stat, Q0, UVA 0 - 0 OPP",,
06.21.25 KP v MIN Offense,734.9959814623280,16.0,Driving,9,,,,,,,,,+ve Driving: Paint Touch,,,,,,,,,,,,,,,,,,,,,,,,,,,,,,,,,,,,,,,,,,,,,,,,,"Neutral, Match 3, Stat, Q0, UVA 0 - 0 OPP",,
06.21.25 KP v MIN Offense,874.0922550232930,16.0,Driving,10,,,,,,,,,+ve Driving: Paint Touch,,,,,,,,,,,,,,,,,,,,,,,,,,,,,,,,,,,,,,,,,,,,,,,,,"Neutral, Match 3, Stat, Q0, UVA 0 - 0 OPP",,
06.21.25 KP v MIN Offense,990.3912541099710,16.0,Driving,11,,,,,,,,,+ve Driving: Paint Touch,,,,,,,,,,,,,,,,,,,,,,,,,,,,,,,,,,,,,,,,,,,,,,,,,"Neutral, Match 3, Stat, Q0, UVA 0 - 0 OPP",,
06.21.25 KP v MIN Offense,1028.5947745199700,16.0,Driving,12,,,,,,,,,+ve Driving: Paint Touch,,,,,,,,,,,,,,,,,,,,,,,,,,,,,,,,,,,,,,,,,,,,,,,,,"Neutral, Match 3, Stat, Q0, UVA 0 - 0 OPP",,
06.21.25 KP v MIN Offense,1103.1972444089700,16.0,Driving,13,,,,,,,,,+ve Driving: Paint Touch,,,,,,,,,,,,,,,,,,,,,,,,,,,,,,,,,,,,,,,,,,,,,,,,,"Neutral, Match 3, Stat, Q0, UVA 0 - 0 OPP",,
06.21.25 KP v MIN Offense,1276.9938761256600,16.0,Driving,14,,,,,,,,,+ve Driving: Paint Touch,,,,,,,,,,,,,,,,,,,,,,,,,,,,,,,,,,,,,,,,,,,,,,,,,"Neutral, Match 3, Stat, Q0, UVA 0 - 0 OPP",,
06.21.25 KP v MIN Offense,46.99236248031120,16.0,Passing,1,,,,,,,,,,,,,,,,,,,,,,,,,,,,,,,,,,,,,,,-ve Passing: Teammate on the Move,,,,,,,,,,,,,,,,,,,"Turnover, Neutral, Match 3, Stat, Q0, UVA 0 - 0 OPP",,
06.21.25 KP v MIN Offense,522.2966423019800,16.0,Passing,2,,,,,,,,,,,,,,,,,,,,,,,,,,,,,,,,,,,,,,,+ve Passing: Teammate on the Move,,,,,,,,,,,,,,,,,,,"Neutral, Match 3, Stat, Q0, UVA 0 - 0 OPP",,
06.21.25 KP v MIN Offense,609.1955193966580,16.0,Passing,3,,,,,,,,,,,,,,,,,,,,,,,,,,,,,,,,,,,,,,,-ve Passing: Teammate on the Move,,,,,,,,,,,,,,,,,,,"Turnover, Neutral, Match 3, Stat, Q0, UVA 0 - 0 OPP",,
06.21.25 KP v MIN Offense,735.5958466866490,16.0,Passing,4,,,,,,,,,,,,,,,,,,,,,,,,,,,,,,,,,,,,,,,+ve Passing: Read the Length,,,,,,,,,,,,,,,,,,,"Neutral, Match 3, Stat, Q0, UVA 0 - 0 OPP",,
06.21.25 KP v MIN Offense,118.3943700926520,16.0,Footwork,1,,,,,,,,,,,-ve Footwork: Step to Ball,,,,,,,,,,,,,,,,,,,,,,,,,,,,,,,,,,,,,,,,,,,,,,,"Neutral, Match 3, Stat, Q0, UVA 0 - 0 OPP",,
06.21.25 KP v MIN Offense,160.0943991819880,16.39988025799220,Footwork,2,,,,,,,,,,,"+ve Footwork: Patient Pickup, +ve Footwork: Long 2",,,,,,,,,,,,,,,,,,,,,,,,,,,,,,,,,,,,,,,,,,,,,,,"Neutral, Match 3, Stat, Q0, UVA 0 - 0 OPP",,
06.21.25 KP v MIN Offense,505.39282305863400,16.0,Footwork,3,,,,,,,,,,,-ve Footwork: Patient Pickup,,,,,,,,,,,,,,,,,,,,,,,,,,,,,,,,,,,,,,,,,,,,,,,"Neutral, Match 3, Stat, Q0, UVA 0 - 0 OPP",,
06.21.25 KP v MIN Offense,606.5931224083170,16.0,Footwork,4,,,,,,,,,,,+ve Footwork: Patient Pickup,,,,,,,,,,,,,,,,,,,,,,,,,,,,,,,,,,,,,,,,,,+ve Space Read: Live Dribble,,,,,"Neutral, Match 3, Stat, Q0, UVA 0 - 0 OPP",,
06.21.25 KP v MIN Offense,680.393079141298,16.0,Footwork,5,,,,,,,,,,,+ve Footwork: Patient Pickup,,,,,,,,,,,,,,,,,,,,,,,,,,,,,,,,,,,,,,,,,,,,,,,"Neutral, Match 3, Stat, Q0, UVA 0 - 0 OPP",,
06.21.25 KP v MIN Offense,1003.4919996749700,16.0,Footwork,6,,,,,,,,,,,+ve Footwork: Patient Pickup,,,,,,,,,,,,,,,,,,,,,,,,,,,,,,,,,,,,,,,,,,,,,,,"Neutral, Match 3, Stat, Q0, UVA 0 - 0 OPP",,
06.21.25 KP v MIN Offense,1313.1927214959800,16.0,Footwork,7,,,,,,,,,,,-ve Footwork: Patient Pickup,,,,,,,,,,,,,,,,,,,,,,,,,,,,,,,,,,,,,,,,,,,,,,,"Neutral, Match 3, Stat, Q0, UVA 0 - 0 OPP",,
06.21.25 KP v MIN Offense,1332.2948544393200,16.0,Footwork,8,,,,,,,,,,,+ve Footwork: Step to Ball,,,,,,,,,,,,,,,,,,,,,,,,,,,,,,,,,,,,,,,,,,,,,,,"Neutral, Match 3, Stat, Q0, UVA 0 - 0 OPP",,
06.21.25 KP v MIN Offense,278.4923933206630,16.304327200337800,Finishing,1,,,,,,,,,,"+ve Finishing: Stride Pivot, +ve Finishing: Read the Length",,,,,,,,,,,,,,,,,,,,,,,,,,,,,,,,,,,,,,,,,,,,,,,,"Neutral, Match 3, Stat, Q0, UVA 0 - 0 OPP",,
06.21.25 KP v MIN Offense,461.5934646996300,16.0,Finishing,2,,,,,,,,,,+ve Finishing: Read the Length,,,,,,,,,,,,,,,,,,,,,,,,,,,,,,,,,,,,,,,,,,,,,,,,"Neutral, Match 3, Stat, Q0, UVA 0 - 0 OPP",,
06.21.25 KP v MIN Offense,548.5927072803260,16.204060596998900,Finishing,3,,,,,,,,,,"+ve Finishing: Stride Pivot, +ve Finishing: Read the Length",,,,,,,,,,,,,,,,,,,,,,,,,,,,,,,,,,,,,,,,,,,,,,,,"Neutral, Match 3, Stat, Q0, UVA 0 - 0 OPP",,
06.21.25 KP v MIN Offense,631.792683820327,16.501594057649800,Finishing,4,,,,,,,,,,"+ve Finishing: Physicality, +ve Finishing: Read the Length",,,,,,,,,,,,,,,,,,,,,,,,,,,,,,,,,,,,,,,,,,,,,,,,"Neutral, Match 3, Stat, Q0, UVA 0 - 0 OPP",,
06.21.25 KP v MIN Offense,679.797929592995,16.0,Finishing,5,,,,,,,,,,+ve Finishing: Stride Pivot,+ve Footwork: Patient Pickup,,,,,,,,,,,,,,,,,,,,,,,,,,,,,,,,,,,,,,,,,,,,,,,"Neutral, Match 3, Stat, Q0, UVA 0 - 0 OPP",,
06.21.25 KP v MIN Offense,875.1958618223060,16.0,Finishing,6,,,,,,,,,,+ve Finishing: Earn a Foul,,,,,,,,,,,,,,,,,,,,,,,,,,,,,,,,,,,,,,,,,,,,,,,,"Neutral, Match 3, Stat, Q0, UVA 0 - 0 OPP",,
06.21.25 KP v MIN Offense,990.193664993658,16.0,Finishing,7,,,,,,,,,,-ve Finishing: Read the Length,,,,,,,,,,,,,,,,,,,,,,,,,,,,,,,,,,,,,,,,,,,,,,,,"Neutral, Match 3, Stat, Q0, UVA 0 - 0 OPP",,
06.21.25 KP v MIN Offense,1276.7923601466500,16.302332720664300,Finishing,8,,,,,,,,,,"+ve Finishing: Stride Pivot, -ve Finishing: Read the Length",,,,,,,,,,,,,,,,,,,,,,,,,,,,,,,,,,,,,,,,,,,,,,,,"Neutral, Match 3, Stat, Q0, UVA 0 - 0 OPP",,